--
-- PostgreSQL database dump
--

SET statement_timeout = 0;
SET lock_timeout = 0;
SET client_encoding = 'UTF8';
SET standard_conforming_strings = on;
SET check_function_bodies = false;
SET client_min_messages = warning;

--
-- Name: plpgsql; Type: EXTENSION; Schema: -; Owner: 
--

CREATE EXTENSION IF NOT EXISTS plpgsql WITH SCHEMA pg_catalog;


--
-- Name: EXTENSION plpgsql; Type: COMMENT; Schema: -; Owner: 
--

COMMENT ON EXTENSION plpgsql IS 'PL/pgSQL procedural language';


SET search_path = public, pg_catalog;

SET default_tablespace = '';

SET default_with_oids = false;

--
-- Name: auth_group; Type: TABLE; Schema: public; Owner: alejandro; Tablespace: 
--

CREATE TABLE auth_group (
    id integer NOT NULL,
    name character varying(80) NOT NULL
);


ALTER TABLE public.auth_group OWNER TO alejandro;

--
-- Name: auth_group_id_seq; Type: SEQUENCE; Schema: public; Owner: alejandro
--

CREATE SEQUENCE auth_group_id_seq
    START WITH 1
    INCREMENT BY 1
    NO MINVALUE
    NO MAXVALUE
    CACHE 1;


ALTER TABLE public.auth_group_id_seq OWNER TO alejandro;

--
-- Name: auth_group_id_seq; Type: SEQUENCE OWNED BY; Schema: public; Owner: alejandro
--

ALTER SEQUENCE auth_group_id_seq OWNED BY auth_group.id;


--
-- Name: auth_group_permissions; Type: TABLE; Schema: public; Owner: alejandro; Tablespace: 
--

CREATE TABLE auth_group_permissions (
    id integer NOT NULL,
    group_id integer NOT NULL,
    permission_id integer NOT NULL
);


ALTER TABLE public.auth_group_permissions OWNER TO alejandro;

--
-- Name: auth_group_permissions_id_seq; Type: SEQUENCE; Schema: public; Owner: alejandro
--

CREATE SEQUENCE auth_group_permissions_id_seq
    START WITH 1
    INCREMENT BY 1
    NO MINVALUE
    NO MAXVALUE
    CACHE 1;


ALTER TABLE public.auth_group_permissions_id_seq OWNER TO alejandro;

--
-- Name: auth_group_permissions_id_seq; Type: SEQUENCE OWNED BY; Schema: public; Owner: alejandro
--

ALTER SEQUENCE auth_group_permissions_id_seq OWNED BY auth_group_permissions.id;


--
-- Name: auth_permission; Type: TABLE; Schema: public; Owner: alejandro; Tablespace: 
--

CREATE TABLE auth_permission (
    id integer NOT NULL,
    name character varying(255) NOT NULL,
    content_type_id integer NOT NULL,
    codename character varying(100) NOT NULL
);


ALTER TABLE public.auth_permission OWNER TO alejandro;

--
-- Name: auth_permission_id_seq; Type: SEQUENCE; Schema: public; Owner: alejandro
--

CREATE SEQUENCE auth_permission_id_seq
    START WITH 1
    INCREMENT BY 1
    NO MINVALUE
    NO MAXVALUE
    CACHE 1;


ALTER TABLE public.auth_permission_id_seq OWNER TO alejandro;

--
-- Name: auth_permission_id_seq; Type: SEQUENCE OWNED BY; Schema: public; Owner: alejandro
--

ALTER SEQUENCE auth_permission_id_seq OWNED BY auth_permission.id;


--
-- Name: auth_user; Type: TABLE; Schema: public; Owner: alejandro; Tablespace: 
--

CREATE TABLE auth_user (
    id integer NOT NULL,
    password character varying(128) NOT NULL,
    last_login timestamp with time zone,
    is_superuser boolean NOT NULL,
    username character varying(30) NOT NULL,
    first_name character varying(30) NOT NULL,
    last_name character varying(30) NOT NULL,
    email character varying(254) NOT NULL,
    is_staff boolean NOT NULL,
    is_active boolean NOT NULL,
    date_joined timestamp with time zone NOT NULL
);


ALTER TABLE public.auth_user OWNER TO alejandro;

--
-- Name: auth_user_groups; Type: TABLE; Schema: public; Owner: alejandro; Tablespace: 
--

CREATE TABLE auth_user_groups (
    id integer NOT NULL,
    user_id integer NOT NULL,
    group_id integer NOT NULL
);


ALTER TABLE public.auth_user_groups OWNER TO alejandro;

--
-- Name: auth_user_groups_id_seq; Type: SEQUENCE; Schema: public; Owner: alejandro
--

CREATE SEQUENCE auth_user_groups_id_seq
    START WITH 1
    INCREMENT BY 1
    NO MINVALUE
    NO MAXVALUE
    CACHE 1;


ALTER TABLE public.auth_user_groups_id_seq OWNER TO alejandro;

--
-- Name: auth_user_groups_id_seq; Type: SEQUENCE OWNED BY; Schema: public; Owner: alejandro
--

ALTER SEQUENCE auth_user_groups_id_seq OWNED BY auth_user_groups.id;


--
-- Name: auth_user_id_seq; Type: SEQUENCE; Schema: public; Owner: alejandro
--

CREATE SEQUENCE auth_user_id_seq
    START WITH 1
    INCREMENT BY 1
    NO MINVALUE
    NO MAXVALUE
    CACHE 1;


ALTER TABLE public.auth_user_id_seq OWNER TO alejandro;

--
-- Name: auth_user_id_seq; Type: SEQUENCE OWNED BY; Schema: public; Owner: alejandro
--

ALTER SEQUENCE auth_user_id_seq OWNED BY auth_user.id;


--
-- Name: auth_user_user_permissions; Type: TABLE; Schema: public; Owner: alejandro; Tablespace: 
--

CREATE TABLE auth_user_user_permissions (
    id integer NOT NULL,
    user_id integer NOT NULL,
    permission_id integer NOT NULL
);


ALTER TABLE public.auth_user_user_permissions OWNER TO alejandro;

--
-- Name: auth_user_user_permissions_id_seq; Type: SEQUENCE; Schema: public; Owner: alejandro
--

CREATE SEQUENCE auth_user_user_permissions_id_seq
    START WITH 1
    INCREMENT BY 1
    NO MINVALUE
    NO MAXVALUE
    CACHE 1;


ALTER TABLE public.auth_user_user_permissions_id_seq OWNER TO alejandro;

--
-- Name: auth_user_user_permissions_id_seq; Type: SEQUENCE OWNED BY; Schema: public; Owner: alejandro
--

ALTER SEQUENCE auth_user_user_permissions_id_seq OWNED BY auth_user_user_permissions.id;


--
-- Name: cities_light_city; Type: TABLE; Schema: public; Owner: alejandro; Tablespace: 
--

CREATE TABLE cities_light_city (
    id integer NOT NULL,
    name_ascii character varying(200) NOT NULL,
    slug character varying(50) NOT NULL,
    geoname_id integer,
    alternate_names text,
    name character varying(200) NOT NULL,
    display_name character varying(200) NOT NULL,
    search_names text NOT NULL,
    latitude numeric(8,5),
    longitude numeric(8,5),
    region_id integer,
    country_id integer NOT NULL,
    population bigint,
    feature_code character varying(10)
);


ALTER TABLE public.cities_light_city OWNER TO alejandro;

--
-- Name: cities_light_city_id_seq; Type: SEQUENCE; Schema: public; Owner: alejandro
--

CREATE SEQUENCE cities_light_city_id_seq
    START WITH 1
    INCREMENT BY 1
    NO MINVALUE
    NO MAXVALUE
    CACHE 1;


ALTER TABLE public.cities_light_city_id_seq OWNER TO alejandro;

--
-- Name: cities_light_city_id_seq; Type: SEQUENCE OWNED BY; Schema: public; Owner: alejandro
--

ALTER SEQUENCE cities_light_city_id_seq OWNED BY cities_light_city.id;


--
-- Name: cities_light_country; Type: TABLE; Schema: public; Owner: alejandro; Tablespace: 
--

CREATE TABLE cities_light_country (
    id integer NOT NULL,
    name_ascii character varying(200) NOT NULL,
    slug character varying(50) NOT NULL,
    geoname_id integer,
    alternate_names text,
    name character varying(200) NOT NULL,
    code2 character varying(2),
    code3 character varying(3),
    continent character varying(2) NOT NULL,
    tld character varying(5) NOT NULL,
    phone character varying(20)
);


ALTER TABLE public.cities_light_country OWNER TO alejandro;

--
-- Name: cities_light_country_id_seq; Type: SEQUENCE; Schema: public; Owner: alejandro
--

CREATE SEQUENCE cities_light_country_id_seq
    START WITH 1
    INCREMENT BY 1
    NO MINVALUE
    NO MAXVALUE
    CACHE 1;


ALTER TABLE public.cities_light_country_id_seq OWNER TO alejandro;

--
-- Name: cities_light_country_id_seq; Type: SEQUENCE OWNED BY; Schema: public; Owner: alejandro
--

ALTER SEQUENCE cities_light_country_id_seq OWNED BY cities_light_country.id;


--
-- Name: cities_light_region; Type: TABLE; Schema: public; Owner: alejandro; Tablespace: 
--

CREATE TABLE cities_light_region (
    id integer NOT NULL,
    name_ascii character varying(200) NOT NULL,
    slug character varying(50) NOT NULL,
    geoname_id integer,
    alternate_names text,
    name character varying(200) NOT NULL,
    display_name character varying(200) NOT NULL,
    geoname_code character varying(50),
    country_id integer NOT NULL
);


ALTER TABLE public.cities_light_region OWNER TO alejandro;

--
-- Name: cities_light_region_id_seq; Type: SEQUENCE; Schema: public; Owner: alejandro
--

CREATE SEQUENCE cities_light_region_id_seq
    START WITH 1
    INCREMENT BY 1
    NO MINVALUE
    NO MAXVALUE
    CACHE 1;


ALTER TABLE public.cities_light_region_id_seq OWNER TO alejandro;

--
-- Name: cities_light_region_id_seq; Type: SEQUENCE OWNED BY; Schema: public; Owner: alejandro
--

ALTER SEQUENCE cities_light_region_id_seq OWNED BY cities_light_region.id;


--
-- Name: comentarios_commentbcompartida; Type: TABLE; Schema: public; Owner: alejandro; Tablespace: 
--

CREATE TABLE comentarios_commentbcompartida (
    id integer NOT NULL,
    texto character varying(1000) NOT NULL,
    eliminado boolean NOT NULL,
    fecha timestamp with time zone NOT NULL,
    bcompartida_id integer NOT NULL,
    perfil_id integer NOT NULL
);


ALTER TABLE public.comentarios_commentbcompartida OWNER TO alejandro;

--
-- Name: comentarios_commentbcompartida_id_seq; Type: SEQUENCE; Schema: public; Owner: alejandro
--

CREATE SEQUENCE comentarios_commentbcompartida_id_seq
    START WITH 1
    INCREMENT BY 1
    NO MINVALUE
    NO MAXVALUE
    CACHE 1;


ALTER TABLE public.comentarios_commentbcompartida_id_seq OWNER TO alejandro;

--
-- Name: comentarios_commentbcompartida_id_seq; Type: SEQUENCE OWNED BY; Schema: public; Owner: alejandro
--

ALTER SEQUENCE comentarios_commentbcompartida_id_seq OWNED BY comentarios_commentbcompartida.id;


--
-- Name: comentarios_commentgrupo; Type: TABLE; Schema: public; Owner: alejandro; Tablespace: 
--

CREATE TABLE comentarios_commentgrupo (
    id integer NOT NULL,
    texto character varying(1000) NOT NULL,
    eliminado boolean NOT NULL,
    fecha timestamp with time zone NOT NULL,
    grupo_id integer NOT NULL,
    perfil_id integer NOT NULL
);


ALTER TABLE public.comentarios_commentgrupo OWNER TO alejandro;

--
-- Name: comentarios_commentgrupo_id_seq; Type: SEQUENCE; Schema: public; Owner: alejandro
--

CREATE SEQUENCE comentarios_commentgrupo_id_seq
    START WITH 1
    INCREMENT BY 1
    NO MINVALUE
    NO MAXVALUE
    CACHE 1;


ALTER TABLE public.comentarios_commentgrupo_id_seq OWNER TO alejandro;

--
-- Name: comentarios_commentgrupo_id_seq; Type: SEQUENCE OWNED BY; Schema: public; Owner: alejandro
--

ALTER SEQUENCE comentarios_commentgrupo_id_seq OWNED BY comentarios_commentgrupo.id;


--
-- Name: comentarios_commentnotificacion; Type: TABLE; Schema: public; Owner: alejandro; Tablespace: 
--

CREATE TABLE comentarios_commentnotificacion (
    id integer NOT NULL,
    texto character varying(1000) NOT NULL,
    eliminado boolean NOT NULL,
    fecha timestamp with time zone NOT NULL,
    notificacion_id integer NOT NULL,
    perfil_id integer NOT NULL
);


ALTER TABLE public.comentarios_commentnotificacion OWNER TO alejandro;

--
-- Name: comentarios_commentnotificacion_id_seq; Type: SEQUENCE; Schema: public; Owner: alejandro
--

CREATE SEQUENCE comentarios_commentnotificacion_id_seq
    START WITH 1
    INCREMENT BY 1
    NO MINVALUE
    NO MAXVALUE
    CACHE 1;


ALTER TABLE public.comentarios_commentnotificacion_id_seq OWNER TO alejandro;

--
-- Name: comentarios_commentnotificacion_id_seq; Type: SEQUENCE OWNED BY; Schema: public; Owner: alejandro
--

ALTER SEQUENCE comentarios_commentnotificacion_id_seq OWNED BY comentarios_commentnotificacion.id;


--
-- Name: comentarios_commentperfil; Type: TABLE; Schema: public; Owner: alejandro; Tablespace: 
--

CREATE TABLE comentarios_commentperfil (
    id integer NOT NULL,
    texto character varying(1000) NOT NULL,
    eliminado boolean NOT NULL,
    fecha timestamp with time zone NOT NULL,
    muro_id integer NOT NULL,
    perfil_id integer NOT NULL
);


ALTER TABLE public.comentarios_commentperfil OWNER TO alejandro;

--
-- Name: comentarios_commentperfil_id_seq; Type: SEQUENCE; Schema: public; Owner: alejandro
--

CREATE SEQUENCE comentarios_commentperfil_id_seq
    START WITH 1
    INCREMENT BY 1
    NO MINVALUE
    NO MAXVALUE
    CACHE 1;


ALTER TABLE public.comentarios_commentperfil_id_seq OWNER TO alejandro;

--
-- Name: comentarios_commentperfil_id_seq; Type: SEQUENCE OWNED BY; Schema: public; Owner: alejandro
--

ALTER SEQUENCE comentarios_commentperfil_id_seq OWNED BY comentarios_commentperfil.id;


--
-- Name: comentarios_respuestacommentbcompartida; Type: TABLE; Schema: public; Owner: alejandro; Tablespace: 
--

CREATE TABLE comentarios_respuestacommentbcompartida (
    id integer NOT NULL,
    texto character varying(1000) NOT NULL,
    eliminado boolean NOT NULL,
    fecha timestamp with time zone NOT NULL,
    comment_bcompartida_id integer NOT NULL,
    perfil_id integer NOT NULL
);


ALTER TABLE public.comentarios_respuestacommentbcompartida OWNER TO alejandro;

--
-- Name: comentarios_respuestacommentbcompartida_id_seq; Type: SEQUENCE; Schema: public; Owner: alejandro
--

CREATE SEQUENCE comentarios_respuestacommentbcompartida_id_seq
    START WITH 1
    INCREMENT BY 1
    NO MINVALUE
    NO MAXVALUE
    CACHE 1;


ALTER TABLE public.comentarios_respuestacommentbcompartida_id_seq OWNER TO alejandro;

--
-- Name: comentarios_respuestacommentbcompartida_id_seq; Type: SEQUENCE OWNED BY; Schema: public; Owner: alejandro
--

ALTER SEQUENCE comentarios_respuestacommentbcompartida_id_seq OWNED BY comentarios_respuestacommentbcompartida.id;


--
-- Name: comentarios_respuestacommentgrupo; Type: TABLE; Schema: public; Owner: alejandro; Tablespace: 
--

CREATE TABLE comentarios_respuestacommentgrupo (
    id integer NOT NULL,
    texto character varying(1000) NOT NULL,
    eliminado boolean NOT NULL,
    fecha timestamp with time zone NOT NULL,
    comment_grupo_id integer NOT NULL,
    perfil_id integer NOT NULL
);


ALTER TABLE public.comentarios_respuestacommentgrupo OWNER TO alejandro;

--
-- Name: comentarios_respuestacommentgrupo_id_seq; Type: SEQUENCE; Schema: public; Owner: alejandro
--

CREATE SEQUENCE comentarios_respuestacommentgrupo_id_seq
    START WITH 1
    INCREMENT BY 1
    NO MINVALUE
    NO MAXVALUE
    CACHE 1;


ALTER TABLE public.comentarios_respuestacommentgrupo_id_seq OWNER TO alejandro;

--
-- Name: comentarios_respuestacommentgrupo_id_seq; Type: SEQUENCE OWNED BY; Schema: public; Owner: alejandro
--

ALTER SEQUENCE comentarios_respuestacommentgrupo_id_seq OWNED BY comentarios_respuestacommentgrupo.id;


--
-- Name: comentarios_respuestacommentperfil; Type: TABLE; Schema: public; Owner: alejandro; Tablespace: 
--

CREATE TABLE comentarios_respuestacommentperfil (
    id integer NOT NULL,
    texto character varying(1000) NOT NULL,
    eliminado boolean NOT NULL,
    fecha timestamp with time zone NOT NULL,
    comment_perfil_id integer NOT NULL,
    perfil_id integer NOT NULL
);


ALTER TABLE public.comentarios_respuestacommentperfil OWNER TO alejandro;

--
-- Name: comentarios_respuestacommentperfil_id_seq; Type: SEQUENCE; Schema: public; Owner: alejandro
--

CREATE SEQUENCE comentarios_respuestacommentperfil_id_seq
    START WITH 1
    INCREMENT BY 1
    NO MINVALUE
    NO MAXVALUE
    CACHE 1;


ALTER TABLE public.comentarios_respuestacommentperfil_id_seq OWNER TO alejandro;

--
-- Name: comentarios_respuestacommentperfil_id_seq; Type: SEQUENCE OWNED BY; Schema: public; Owner: alejandro
--

ALTER SEQUENCE comentarios_respuestacommentperfil_id_seq OWNED BY comentarios_respuestacommentperfil.id;


--
-- Name: django_admin_log; Type: TABLE; Schema: public; Owner: alejandro; Tablespace: 
--

CREATE TABLE django_admin_log (
    id integer NOT NULL,
    action_time timestamp with time zone NOT NULL,
    object_id text,
    object_repr character varying(200) NOT NULL,
    action_flag smallint NOT NULL,
    change_message text NOT NULL,
    content_type_id integer,
    user_id integer NOT NULL,
    CONSTRAINT django_admin_log_action_flag_check CHECK ((action_flag >= 0))
);


ALTER TABLE public.django_admin_log OWNER TO alejandro;

--
-- Name: django_admin_log_id_seq; Type: SEQUENCE; Schema: public; Owner: alejandro
--

CREATE SEQUENCE django_admin_log_id_seq
    START WITH 1
    INCREMENT BY 1
    NO MINVALUE
    NO MAXVALUE
    CACHE 1;


ALTER TABLE public.django_admin_log_id_seq OWNER TO alejandro;

--
-- Name: django_admin_log_id_seq; Type: SEQUENCE OWNED BY; Schema: public; Owner: alejandro
--

ALTER SEQUENCE django_admin_log_id_seq OWNED BY django_admin_log.id;


--
-- Name: django_content_type; Type: TABLE; Schema: public; Owner: alejandro; Tablespace: 
--

CREATE TABLE django_content_type (
    id integer NOT NULL,
    app_label character varying(100) NOT NULL,
    model character varying(100) NOT NULL
);


ALTER TABLE public.django_content_type OWNER TO alejandro;

--
-- Name: django_content_type_id_seq; Type: SEQUENCE; Schema: public; Owner: alejandro
--

CREATE SEQUENCE django_content_type_id_seq
    START WITH 1
    INCREMENT BY 1
    NO MINVALUE
    NO MAXVALUE
    CACHE 1;


ALTER TABLE public.django_content_type_id_seq OWNER TO alejandro;

--
-- Name: django_content_type_id_seq; Type: SEQUENCE OWNED BY; Schema: public; Owner: alejandro
--

ALTER SEQUENCE django_content_type_id_seq OWNED BY django_content_type.id;


--
-- Name: django_migrations; Type: TABLE; Schema: public; Owner: alejandro; Tablespace: 
--

CREATE TABLE django_migrations (
    id integer NOT NULL,
    app character varying(255) NOT NULL,
    name character varying(255) NOT NULL,
    applied timestamp with time zone NOT NULL
);


ALTER TABLE public.django_migrations OWNER TO alejandro;

--
-- Name: django_migrations_id_seq; Type: SEQUENCE; Schema: public; Owner: alejandro
--

CREATE SEQUENCE django_migrations_id_seq
    START WITH 1
    INCREMENT BY 1
    NO MINVALUE
    NO MAXVALUE
    CACHE 1;


ALTER TABLE public.django_migrations_id_seq OWNER TO alejandro;

--
-- Name: django_migrations_id_seq; Type: SEQUENCE OWNED BY; Schema: public; Owner: alejandro
--

ALTER SEQUENCE django_migrations_id_seq OWNED BY django_migrations.id;


--
-- Name: django_session; Type: TABLE; Schema: public; Owner: alejandro; Tablespace: 
--

CREATE TABLE django_session (
    session_key character varying(40) NOT NULL,
    session_data text NOT NULL,
    expire_date timestamp with time zone NOT NULL
);


ALTER TABLE public.django_session OWNER TO alejandro;

--
-- Name: grupos_grupo; Type: TABLE; Schema: public; Owner: alejandro; Tablespace: 
--

CREATE TABLE grupos_grupo (
    id integer NOT NULL,
    nombre character varying(255) NOT NULL,
    descripcion character varying(2500) NOT NULL,
    imagen character varying(200) NOT NULL,
    tipo smallint NOT NULL,
    ciudad_id integer,
    CONSTRAINT grupos_grupo_tipo_check CHECK ((tipo >= 0))
);


ALTER TABLE public.grupos_grupo OWNER TO alejandro;

--
-- Name: grupos_grupo_id_seq; Type: SEQUENCE; Schema: public; Owner: alejandro
--

CREATE SEQUENCE grupos_grupo_id_seq
    START WITH 1
    INCREMENT BY 1
    NO MINVALUE
    NO MAXVALUE
    CACHE 1;


ALTER TABLE public.grupos_grupo_id_seq OWNER TO alejandro;

--
-- Name: grupos_grupo_id_seq; Type: SEQUENCE OWNED BY; Schema: public; Owner: alejandro
--

ALTER SEQUENCE grupos_grupo_id_seq OWNED BY grupos_grupo.id;


--
-- Name: grupos_requestinvitacion; Type: TABLE; Schema: public; Owner: alejandro; Tablespace: 
--

CREATE TABLE grupos_requestinvitacion (
    id integer NOT NULL,
    aceptado boolean NOT NULL,
    fecha_invitacion timestamp with time zone NOT NULL,
    eliminado boolean NOT NULL,
    aceptado_por_id integer,
    grupo_id integer NOT NULL,
    invitado_por_id integer,
    usuario_invitado_id integer NOT NULL
);


ALTER TABLE public.grupos_requestinvitacion OWNER TO alejandro;

--
-- Name: grupos_requestinvitacion_id_seq; Type: SEQUENCE; Schema: public; Owner: alejandro
--

CREATE SEQUENCE grupos_requestinvitacion_id_seq
    START WITH 1
    INCREMENT BY 1
    NO MINVALUE
    NO MAXVALUE
    CACHE 1;


ALTER TABLE public.grupos_requestinvitacion_id_seq OWNER TO alejandro;

--
-- Name: grupos_requestinvitacion_id_seq; Type: SEQUENCE OWNED BY; Schema: public; Owner: alejandro
--

ALTER SEQUENCE grupos_requestinvitacion_id_seq OWNED BY grupos_requestinvitacion.id;


--
-- Name: grupos_usuariosgrupo; Type: TABLE; Schema: public; Owner: alejandro; Tablespace: 
--

CREATE TABLE grupos_usuariosgrupo (
    id integer NOT NULL,
    es_admin boolean NOT NULL,
    activo boolean NOT NULL,
    grupo_id integer NOT NULL,
    perfil_id integer NOT NULL
);


ALTER TABLE public.grupos_usuariosgrupo OWNER TO alejandro;

--
-- Name: grupos_usuariosgrupo_id_seq; Type: SEQUENCE; Schema: public; Owner: alejandro
--

CREATE SEQUENCE grupos_usuariosgrupo_id_seq
    START WITH 1
    INCREMENT BY 1
    NO MINVALUE
    NO MAXVALUE
    CACHE 1;


ALTER TABLE public.grupos_usuariosgrupo_id_seq OWNER TO alejandro;

--
-- Name: grupos_usuariosgrupo_id_seq; Type: SEQUENCE OWNED BY; Schema: public; Owner: alejandro
--

ALTER SEQUENCE grupos_usuariosgrupo_id_seq OWNED BY grupos_usuariosgrupo.id;


--
-- Name: libros_bibliotecacompartida; Type: TABLE; Schema: public; Owner: alejandro; Tablespace: 
--

CREATE TABLE libros_bibliotecacompartida (
    id integer NOT NULL,
    nombre character varying(150) NOT NULL,
    slug character varying(50) NOT NULL,
    punto_google_maps character varying(500) NOT NULL,
    direccion character varying(500) NOT NULL,
    imagen character varying(200) NOT NULL,
    eliminada boolean NOT NULL,
    direccion_web character varying(200) NOT NULL,
    ciudad_id integer NOT NULL,
    perfil_admin_id integer NOT NULL
);


ALTER TABLE public.libros_bibliotecacompartida OWNER TO alejandro;

--
-- Name: libros_bibliotecacompartida_id_seq; Type: SEQUENCE; Schema: public; Owner: alejandro
--

CREATE SEQUENCE libros_bibliotecacompartida_id_seq
    START WITH 1
    INCREMENT BY 1
    NO MINVALUE
    NO MAXVALUE
    CACHE 1;


ALTER TABLE public.libros_bibliotecacompartida_id_seq OWNER TO alejandro;

--
-- Name: libros_bibliotecacompartida_id_seq; Type: SEQUENCE OWNED BY; Schema: public; Owner: alejandro
--

ALTER SEQUENCE libros_bibliotecacompartida_id_seq OWNED BY libros_bibliotecacompartida.id;


--
-- Name: libros_libro; Type: TABLE; Schema: public; Owner: alejandro; Tablespace: 
--

CREATE TABLE libros_libro (
    id integer NOT NULL,
    titulo character varying(255) NOT NULL,
    slug character varying(50),
    autor character varying(255) NOT NULL,
    descripcion text
);


ALTER TABLE public.libros_libro OWNER TO alejandro;

--
-- Name: libros_libro_id_seq; Type: SEQUENCE; Schema: public; Owner: alejandro
--

CREATE SEQUENCE libros_libro_id_seq
    START WITH 1
    INCREMENT BY 1
    NO MINVALUE
    NO MAXVALUE
    CACHE 1;


ALTER TABLE public.libros_libro_id_seq OWNER TO alejandro;

--
-- Name: libros_libro_id_seq; Type: SEQUENCE OWNED BY; Schema: public; Owner: alejandro
--

ALTER SEQUENCE libros_libro_id_seq OWNED BY libros_libro.id;


--
-- Name: libros_librodisponiblegrupo; Type: TABLE; Schema: public; Owner: alejandro; Tablespace: 
--

CREATE TABLE libros_librodisponiblegrupo (
    id integer NOT NULL,
    activo boolean NOT NULL,
    grupo_id integer NOT NULL,
    libro_disponible_id integer NOT NULL
);


ALTER TABLE public.libros_librodisponiblegrupo OWNER TO alejandro;

--
-- Name: libros_librodisponiblegrupo_id_seq; Type: SEQUENCE; Schema: public; Owner: alejandro
--

CREATE SEQUENCE libros_librodisponiblegrupo_id_seq
    START WITH 1
    INCREMENT BY 1
    NO MINVALUE
    NO MAXVALUE
    CACHE 1;


ALTER TABLE public.libros_librodisponiblegrupo_id_seq OWNER TO alejandro;

--
-- Name: libros_librodisponiblegrupo_id_seq; Type: SEQUENCE OWNED BY; Schema: public; Owner: alejandro
--

ALTER SEQUENCE libros_librodisponiblegrupo_id_seq OWNED BY libros_librodisponiblegrupo.id;


--
-- Name: libros_librosbibliotecacompartida; Type: TABLE; Schema: public; Owner: alejandro; Tablespace: 
--

CREATE TABLE libros_librosbibliotecacompartida (
    id integer NOT NULL,
    disponible boolean NOT NULL,
    prestado boolean NOT NULL,
    eliminado boolean NOT NULL,
    biblioteca_compartida_id integer NOT NULL,
    libro_id integer NOT NULL
);


ALTER TABLE public.libros_librosbibliotecacompartida OWNER TO alejandro;

--
-- Name: libros_librosbibliotecacompartida_id_seq; Type: SEQUENCE; Schema: public; Owner: alejandro
--

CREATE SEQUENCE libros_librosbibliotecacompartida_id_seq
    START WITH 1
    INCREMENT BY 1
    NO MINVALUE
    NO MAXVALUE
    CACHE 1;


ALTER TABLE public.libros_librosbibliotecacompartida_id_seq OWNER TO alejandro;

--
-- Name: libros_librosbibliotecacompartida_id_seq; Type: SEQUENCE OWNED BY; Schema: public; Owner: alejandro
--

ALTER SEQUENCE libros_librosbibliotecacompartida_id_seq OWNED BY libros_librosbibliotecacompartida.id;


--
-- Name: libros_librosdisponibles; Type: TABLE; Schema: public; Owner: alejandro; Tablespace: 
--

CREATE TABLE libros_librosdisponibles (
    id integer NOT NULL,
    disponible boolean NOT NULL,
    abierto_comunidad boolean NOT NULL,
    prestado boolean NOT NULL,
    eliminado boolean NOT NULL,
    ciudad_id integer NOT NULL,
    libro_id integer NOT NULL,
    perfil_id integer NOT NULL
);


ALTER TABLE public.libros_librosdisponibles OWNER TO alejandro;

--
-- Name: libros_librosdisponibles_id_seq; Type: SEQUENCE; Schema: public; Owner: alejandro
--

CREATE SEQUENCE libros_librosdisponibles_id_seq
    START WITH 1
    INCREMENT BY 1
    NO MINVALUE
    NO MAXVALUE
    CACHE 1;


ALTER TABLE public.libros_librosdisponibles_id_seq OWNER TO alejandro;

--
-- Name: libros_librosdisponibles_id_seq; Type: SEQUENCE OWNED BY; Schema: public; Owner: alejandro
--

ALTER SEQUENCE libros_librosdisponibles_id_seq OWNED BY libros_librosdisponibles.id;


--
-- Name: libros_librosleidos; Type: TABLE; Schema: public; Owner: alejandro; Tablespace: 
--

CREATE TABLE libros_librosleidos (
    id integer NOT NULL,
    fecha_lectura timestamp with time zone,
    eliminado boolean NOT NULL,
    libro_id integer NOT NULL,
    perfil_id integer NOT NULL
);


ALTER TABLE public.libros_librosleidos OWNER TO alejandro;

--
-- Name: libros_librosleidos_id_seq; Type: SEQUENCE; Schema: public; Owner: alejandro
--

CREATE SEQUENCE libros_librosleidos_id_seq
    START WITH 1
    INCREMENT BY 1
    NO MINVALUE
    NO MAXVALUE
    CACHE 1;


ALTER TABLE public.libros_librosleidos_id_seq OWNER TO alejandro;

--
-- Name: libros_librosleidos_id_seq; Type: SEQUENCE OWNED BY; Schema: public; Owner: alejandro
--

ALTER SEQUENCE libros_librosleidos_id_seq OWNED BY libros_librosleidos.id;


--
-- Name: libros_librosprestados; Type: TABLE; Schema: public; Owner: alejandro; Tablespace: 
--

CREATE TABLE libros_librosprestados (
    id integer NOT NULL,
    fecha_max_devolucion timestamp with time zone,
    fecha_prestamo timestamp with time zone,
    fecha_devolucion timestamp with time zone,
    mensaje_aceptacion character varying(500) NOT NULL,
    receptor_anuncio_devolucion boolean NOT NULL,
    libro_id integer NOT NULL,
    perfil_dueno_id integer NOT NULL,
    perfil_receptor_id integer NOT NULL
);


ALTER TABLE public.libros_librosprestados OWNER TO alejandro;

--
-- Name: libros_librosprestados_id_seq; Type: SEQUENCE; Schema: public; Owner: alejandro
--

CREATE SEQUENCE libros_librosprestados_id_seq
    START WITH 1
    INCREMENT BY 1
    NO MINVALUE
    NO MAXVALUE
    CACHE 1;


ALTER TABLE public.libros_librosprestados_id_seq OWNER TO alejandro;

--
-- Name: libros_librosprestados_id_seq; Type: SEQUENCE OWNED BY; Schema: public; Owner: alejandro
--

ALTER SEQUENCE libros_librosprestados_id_seq OWNED BY libros_librosprestados.id;


--
-- Name: libros_librosprestadosbibliotecacompartida; Type: TABLE; Schema: public; Owner: alejandro; Tablespace: 
--

CREATE TABLE libros_librosprestadosbibliotecacompartida (
    id integer NOT NULL,
    fecha_max_devolucion timestamp with time zone,
    fecha_prestamo timestamp with time zone,
    fecha_devolucion timestamp with time zone,
    receptor_anuncio_devolucion boolean NOT NULL,
    biblioteca_compartida_id integer NOT NULL,
    libro_id integer NOT NULL,
    perfil_prestamo_id integer NOT NULL
);


ALTER TABLE public.libros_librosprestadosbibliotecacompartida OWNER TO alejandro;

--
-- Name: libros_librosprestadosbibliotecacompartida_id_seq; Type: SEQUENCE; Schema: public; Owner: alejandro
--

CREATE SEQUENCE libros_librosprestadosbibliotecacompartida_id_seq
    START WITH 1
    INCREMENT BY 1
    NO MINVALUE
    NO MAXVALUE
    CACHE 1;


ALTER TABLE public.libros_librosprestadosbibliotecacompartida_id_seq OWNER TO alejandro;

--
-- Name: libros_librosprestadosbibliotecacompartida_id_seq; Type: SEQUENCE OWNED BY; Schema: public; Owner: alejandro
--

ALTER SEQUENCE libros_librosprestadosbibliotecacompartida_id_seq OWNED BY libros_librosprestadosbibliotecacompartida.id;


--
-- Name: libros_librosrequest; Type: TABLE; Schema: public; Owner: alejandro; Tablespace: 
--

CREATE TABLE libros_librosrequest (
    id integer NOT NULL,
    fecha_request timestamp with time zone NOT NULL,
    mensaje character varying(500) NOT NULL,
    telefono character varying(150) NOT NULL,
    email character varying(255) NOT NULL,
    aceptado boolean NOT NULL,
    eliminado boolean NOT NULL,
    grupo_id integer,
    libro_id integer NOT NULL,
    perfil_envio_id integer NOT NULL,
    perfil_recepcion_id integer NOT NULL
);


ALTER TABLE public.libros_librosrequest OWNER TO alejandro;

--
-- Name: libros_librosrequest_id_seq; Type: SEQUENCE; Schema: public; Owner: alejandro
--

CREATE SEQUENCE libros_librosrequest_id_seq
    START WITH 1
    INCREMENT BY 1
    NO MINVALUE
    NO MAXVALUE
    CACHE 1;


ALTER TABLE public.libros_librosrequest_id_seq OWNER TO alejandro;

--
-- Name: libros_librosrequest_id_seq; Type: SEQUENCE OWNED BY; Schema: public; Owner: alejandro
--

ALTER SEQUENCE libros_librosrequest_id_seq OWNED BY libros_librosrequest.id;


--
-- Name: libros_librosrequestbibliotecacompartida; Type: TABLE; Schema: public; Owner: alejandro; Tablespace: 
--

CREATE TABLE libros_librosrequestbibliotecacompartida (
    id integer NOT NULL,
    fecha_request timestamp with time zone NOT NULL,
    aceptado boolean NOT NULL,
    eliminado boolean NOT NULL,
    retirado boolean NOT NULL,
    libro_disponible_id integer NOT NULL,
    perfil_envio_id integer NOT NULL
);


ALTER TABLE public.libros_librosrequestbibliotecacompartida OWNER TO alejandro;

--
-- Name: libros_librosrequestbibliotecacompartida_id_seq; Type: SEQUENCE; Schema: public; Owner: alejandro
--

CREATE SEQUENCE libros_librosrequestbibliotecacompartida_id_seq
    START WITH 1
    INCREMENT BY 1
    NO MINVALUE
    NO MAXVALUE
    CACHE 1;


ALTER TABLE public.libros_librosrequestbibliotecacompartida_id_seq OWNER TO alejandro;

--
-- Name: libros_librosrequestbibliotecacompartida_id_seq; Type: SEQUENCE OWNED BY; Schema: public; Owner: alejandro
--

ALTER SEQUENCE libros_librosrequestbibliotecacompartida_id_seq OWNED BY libros_librosrequestbibliotecacompartida.id;


--
-- Name: notificaciones_notificacion; Type: TABLE; Schema: public; Owner: alejandro; Tablespace: 
--

CREATE TABLE notificaciones_notificacion (
    id integer NOT NULL,
    fecha timestamp with time zone NOT NULL,
    tipo character varying(50) NOT NULL,
    leida boolean NOT NULL,
    biblioteca_compartida_id integer,
    grupo_id integer,
    libro_id integer,
    perfil_actor_id integer,
    perfil_target_id integer,
    segundo_libro_id integer
);


ALTER TABLE public.notificaciones_notificacion OWNER TO alejandro;

--
-- Name: notificaciones_notificacion_id_seq; Type: SEQUENCE; Schema: public; Owner: alejandro
--

CREATE SEQUENCE notificaciones_notificacion_id_seq
    START WITH 1
    INCREMENT BY 1
    NO MINVALUE
    NO MAXVALUE
    CACHE 1;


ALTER TABLE public.notificaciones_notificacion_id_seq OWNER TO alejandro;

--
-- Name: notificaciones_notificacion_id_seq; Type: SEQUENCE OWNED BY; Schema: public; Owner: alejandro
--

ALTER SEQUENCE notificaciones_notificacion_id_seq OWNED BY notificaciones_notificacion.id;


--
-- Name: perfiles_perfil; Type: TABLE; Schema: public; Owner: alejandro; Tablespace: 
--

CREATE TABLE perfiles_perfil (
    id integer NOT NULL,
    imagen_perfil character varying(255) NOT NULL,
    descripcion character varying(250) NOT NULL,
    numero_telefono_contacto character varying(55) NOT NULL,
    ciudad_id integer,
    libros_propios_id integer,
    libros_recibidos_id integer,
    usuario_id integer
);


ALTER TABLE public.perfiles_perfil OWNER TO alejandro;

--
-- Name: perfiles_perfil_id_seq; Type: SEQUENCE; Schema: public; Owner: alejandro
--

CREATE SEQUENCE perfiles_perfil_id_seq
    START WITH 1
    INCREMENT BY 1
    NO MINVALUE
    NO MAXVALUE
    CACHE 1;


ALTER TABLE public.perfiles_perfil_id_seq OWNER TO alejandro;

--
-- Name: perfiles_perfil_id_seq; Type: SEQUENCE OWNED BY; Schema: public; Owner: alejandro
--

ALTER SEQUENCE perfiles_perfil_id_seq OWNED BY perfiles_perfil.id;


--
-- Name: perfiles_usuarioleyendo; Type: TABLE; Schema: public; Owner: alejandro; Tablespace: 
--

CREATE TABLE perfiles_usuarioleyendo (
    id integer NOT NULL,
    inicio timestamp with time zone NOT NULL,
    termino timestamp with time zone,
    eliminado boolean NOT NULL,
    libro_id integer NOT NULL,
    perfil_id integer NOT NULL
);


ALTER TABLE public.perfiles_usuarioleyendo OWNER TO alejandro;

--
-- Name: perfiles_usuarioleyendo_id_seq; Type: SEQUENCE; Schema: public; Owner: alejandro
--

CREATE SEQUENCE perfiles_usuarioleyendo_id_seq
    START WITH 1
    INCREMENT BY 1
    NO MINVALUE
    NO MAXVALUE
    CACHE 1;


ALTER TABLE public.perfiles_usuarioleyendo_id_seq OWNER TO alejandro;

--
-- Name: perfiles_usuarioleyendo_id_seq; Type: SEQUENCE OWNED BY; Schema: public; Owner: alejandro
--

ALTER SEQUENCE perfiles_usuarioleyendo_id_seq OWNED BY perfiles_usuarioleyendo.id;


--
-- Name: social_auth_association; Type: TABLE; Schema: public; Owner: alejandro; Tablespace: 
--

CREATE TABLE social_auth_association (
    id integer NOT NULL,
    server_url character varying(255) NOT NULL,
    handle character varying(255) NOT NULL,
    secret character varying(255) NOT NULL,
    issued integer NOT NULL,
    lifetime integer NOT NULL,
    assoc_type character varying(64) NOT NULL
);


ALTER TABLE public.social_auth_association OWNER TO alejandro;

--
-- Name: social_auth_association_id_seq; Type: SEQUENCE; Schema: public; Owner: alejandro
--

CREATE SEQUENCE social_auth_association_id_seq
    START WITH 1
    INCREMENT BY 1
    NO MINVALUE
    NO MAXVALUE
    CACHE 1;


ALTER TABLE public.social_auth_association_id_seq OWNER TO alejandro;

--
-- Name: social_auth_association_id_seq; Type: SEQUENCE OWNED BY; Schema: public; Owner: alejandro
--

ALTER SEQUENCE social_auth_association_id_seq OWNED BY social_auth_association.id;


--
-- Name: social_auth_code; Type: TABLE; Schema: public; Owner: alejandro; Tablespace: 
--

CREATE TABLE social_auth_code (
    id integer NOT NULL,
    email character varying(254) NOT NULL,
    code character varying(32) NOT NULL,
    verified boolean NOT NULL
);


ALTER TABLE public.social_auth_code OWNER TO alejandro;

--
-- Name: social_auth_code_id_seq; Type: SEQUENCE; Schema: public; Owner: alejandro
--

CREATE SEQUENCE social_auth_code_id_seq
    START WITH 1
    INCREMENT BY 1
    NO MINVALUE
    NO MAXVALUE
    CACHE 1;


ALTER TABLE public.social_auth_code_id_seq OWNER TO alejandro;

--
-- Name: social_auth_code_id_seq; Type: SEQUENCE OWNED BY; Schema: public; Owner: alejandro
--

ALTER SEQUENCE social_auth_code_id_seq OWNED BY social_auth_code.id;


--
-- Name: social_auth_nonce; Type: TABLE; Schema: public; Owner: alejandro; Tablespace: 
--

CREATE TABLE social_auth_nonce (
    id integer NOT NULL,
    server_url character varying(255) NOT NULL,
    "timestamp" integer NOT NULL,
    salt character varying(65) NOT NULL
);


ALTER TABLE public.social_auth_nonce OWNER TO alejandro;

--
-- Name: social_auth_nonce_id_seq; Type: SEQUENCE; Schema: public; Owner: alejandro
--

CREATE SEQUENCE social_auth_nonce_id_seq
    START WITH 1
    INCREMENT BY 1
    NO MINVALUE
    NO MAXVALUE
    CACHE 1;


ALTER TABLE public.social_auth_nonce_id_seq OWNER TO alejandro;

--
-- Name: social_auth_nonce_id_seq; Type: SEQUENCE OWNED BY; Schema: public; Owner: alejandro
--

ALTER SEQUENCE social_auth_nonce_id_seq OWNED BY social_auth_nonce.id;


--
-- Name: social_auth_usersocialauth; Type: TABLE; Schema: public; Owner: alejandro; Tablespace: 
--

CREATE TABLE social_auth_usersocialauth (
    id integer NOT NULL,
    provider character varying(32) NOT NULL,
    uid character varying(255) NOT NULL,
    extra_data text NOT NULL,
    user_id integer NOT NULL
);


ALTER TABLE public.social_auth_usersocialauth OWNER TO alejandro;

--
-- Name: social_auth_usersocialauth_id_seq; Type: SEQUENCE; Schema: public; Owner: alejandro
--

CREATE SEQUENCE social_auth_usersocialauth_id_seq
    START WITH 1
    INCREMENT BY 1
    NO MINVALUE
    NO MAXVALUE
    CACHE 1;


ALTER TABLE public.social_auth_usersocialauth_id_seq OWNER TO alejandro;

--
-- Name: social_auth_usersocialauth_id_seq; Type: SEQUENCE OWNED BY; Schema: public; Owner: alejandro
--

ALTER SEQUENCE social_auth_usersocialauth_id_seq OWNED BY social_auth_usersocialauth.id;


--
-- Name: id; Type: DEFAULT; Schema: public; Owner: alejandro
--

ALTER TABLE ONLY auth_group ALTER COLUMN id SET DEFAULT nextval('auth_group_id_seq'::regclass);


--
-- Name: id; Type: DEFAULT; Schema: public; Owner: alejandro
--

ALTER TABLE ONLY auth_group_permissions ALTER COLUMN id SET DEFAULT nextval('auth_group_permissions_id_seq'::regclass);


--
-- Name: id; Type: DEFAULT; Schema: public; Owner: alejandro
--

ALTER TABLE ONLY auth_permission ALTER COLUMN id SET DEFAULT nextval('auth_permission_id_seq'::regclass);


--
-- Name: id; Type: DEFAULT; Schema: public; Owner: alejandro
--

ALTER TABLE ONLY auth_user ALTER COLUMN id SET DEFAULT nextval('auth_user_id_seq'::regclass);


--
-- Name: id; Type: DEFAULT; Schema: public; Owner: alejandro
--

ALTER TABLE ONLY auth_user_groups ALTER COLUMN id SET DEFAULT nextval('auth_user_groups_id_seq'::regclass);


--
-- Name: id; Type: DEFAULT; Schema: public; Owner: alejandro
--

ALTER TABLE ONLY auth_user_user_permissions ALTER COLUMN id SET DEFAULT nextval('auth_user_user_permissions_id_seq'::regclass);


--
-- Name: id; Type: DEFAULT; Schema: public; Owner: alejandro
--

ALTER TABLE ONLY cities_light_city ALTER COLUMN id SET DEFAULT nextval('cities_light_city_id_seq'::regclass);


--
-- Name: id; Type: DEFAULT; Schema: public; Owner: alejandro
--

ALTER TABLE ONLY cities_light_country ALTER COLUMN id SET DEFAULT nextval('cities_light_country_id_seq'::regclass);


--
-- Name: id; Type: DEFAULT; Schema: public; Owner: alejandro
--

ALTER TABLE ONLY cities_light_region ALTER COLUMN id SET DEFAULT nextval('cities_light_region_id_seq'::regclass);


--
-- Name: id; Type: DEFAULT; Schema: public; Owner: alejandro
--

ALTER TABLE ONLY comentarios_commentbcompartida ALTER COLUMN id SET DEFAULT nextval('comentarios_commentbcompartida_id_seq'::regclass);


--
-- Name: id; Type: DEFAULT; Schema: public; Owner: alejandro
--

ALTER TABLE ONLY comentarios_commentgrupo ALTER COLUMN id SET DEFAULT nextval('comentarios_commentgrupo_id_seq'::regclass);


--
-- Name: id; Type: DEFAULT; Schema: public; Owner: alejandro
--

ALTER TABLE ONLY comentarios_commentnotificacion ALTER COLUMN id SET DEFAULT nextval('comentarios_commentnotificacion_id_seq'::regclass);


--
-- Name: id; Type: DEFAULT; Schema: public; Owner: alejandro
--

ALTER TABLE ONLY comentarios_commentperfil ALTER COLUMN id SET DEFAULT nextval('comentarios_commentperfil_id_seq'::regclass);


--
-- Name: id; Type: DEFAULT; Schema: public; Owner: alejandro
--

ALTER TABLE ONLY comentarios_respuestacommentbcompartida ALTER COLUMN id SET DEFAULT nextval('comentarios_respuestacommentbcompartida_id_seq'::regclass);


--
-- Name: id; Type: DEFAULT; Schema: public; Owner: alejandro
--

ALTER TABLE ONLY comentarios_respuestacommentgrupo ALTER COLUMN id SET DEFAULT nextval('comentarios_respuestacommentgrupo_id_seq'::regclass);


--
-- Name: id; Type: DEFAULT; Schema: public; Owner: alejandro
--

ALTER TABLE ONLY comentarios_respuestacommentperfil ALTER COLUMN id SET DEFAULT nextval('comentarios_respuestacommentperfil_id_seq'::regclass);


--
-- Name: id; Type: DEFAULT; Schema: public; Owner: alejandro
--

ALTER TABLE ONLY django_admin_log ALTER COLUMN id SET DEFAULT nextval('django_admin_log_id_seq'::regclass);


--
-- Name: id; Type: DEFAULT; Schema: public; Owner: alejandro
--

ALTER TABLE ONLY django_content_type ALTER COLUMN id SET DEFAULT nextval('django_content_type_id_seq'::regclass);


--
-- Name: id; Type: DEFAULT; Schema: public; Owner: alejandro
--

ALTER TABLE ONLY django_migrations ALTER COLUMN id SET DEFAULT nextval('django_migrations_id_seq'::regclass);


--
-- Name: id; Type: DEFAULT; Schema: public; Owner: alejandro
--

ALTER TABLE ONLY grupos_grupo ALTER COLUMN id SET DEFAULT nextval('grupos_grupo_id_seq'::regclass);


--
-- Name: id; Type: DEFAULT; Schema: public; Owner: alejandro
--

ALTER TABLE ONLY grupos_requestinvitacion ALTER COLUMN id SET DEFAULT nextval('grupos_requestinvitacion_id_seq'::regclass);


--
-- Name: id; Type: DEFAULT; Schema: public; Owner: alejandro
--

ALTER TABLE ONLY grupos_usuariosgrupo ALTER COLUMN id SET DEFAULT nextval('grupos_usuariosgrupo_id_seq'::regclass);


--
-- Name: id; Type: DEFAULT; Schema: public; Owner: alejandro
--

ALTER TABLE ONLY libros_bibliotecacompartida ALTER COLUMN id SET DEFAULT nextval('libros_bibliotecacompartida_id_seq'::regclass);


--
-- Name: id; Type: DEFAULT; Schema: public; Owner: alejandro
--

ALTER TABLE ONLY libros_libro ALTER COLUMN id SET DEFAULT nextval('libros_libro_id_seq'::regclass);


--
-- Name: id; Type: DEFAULT; Schema: public; Owner: alejandro
--

ALTER TABLE ONLY libros_librodisponiblegrupo ALTER COLUMN id SET DEFAULT nextval('libros_librodisponiblegrupo_id_seq'::regclass);


--
-- Name: id; Type: DEFAULT; Schema: public; Owner: alejandro
--

ALTER TABLE ONLY libros_librosbibliotecacompartida ALTER COLUMN id SET DEFAULT nextval('libros_librosbibliotecacompartida_id_seq'::regclass);


--
-- Name: id; Type: DEFAULT; Schema: public; Owner: alejandro
--

ALTER TABLE ONLY libros_librosdisponibles ALTER COLUMN id SET DEFAULT nextval('libros_librosdisponibles_id_seq'::regclass);


--
-- Name: id; Type: DEFAULT; Schema: public; Owner: alejandro
--

ALTER TABLE ONLY libros_librosleidos ALTER COLUMN id SET DEFAULT nextval('libros_librosleidos_id_seq'::regclass);


--
-- Name: id; Type: DEFAULT; Schema: public; Owner: alejandro
--

ALTER TABLE ONLY libros_librosprestados ALTER COLUMN id SET DEFAULT nextval('libros_librosprestados_id_seq'::regclass);


--
-- Name: id; Type: DEFAULT; Schema: public; Owner: alejandro
--

ALTER TABLE ONLY libros_librosprestadosbibliotecacompartida ALTER COLUMN id SET DEFAULT nextval('libros_librosprestadosbibliotecacompartida_id_seq'::regclass);


--
-- Name: id; Type: DEFAULT; Schema: public; Owner: alejandro
--

ALTER TABLE ONLY libros_librosrequest ALTER COLUMN id SET DEFAULT nextval('libros_librosrequest_id_seq'::regclass);


--
-- Name: id; Type: DEFAULT; Schema: public; Owner: alejandro
--

ALTER TABLE ONLY libros_librosrequestbibliotecacompartida ALTER COLUMN id SET DEFAULT nextval('libros_librosrequestbibliotecacompartida_id_seq'::regclass);


--
-- Name: id; Type: DEFAULT; Schema: public; Owner: alejandro
--

ALTER TABLE ONLY notificaciones_notificacion ALTER COLUMN id SET DEFAULT nextval('notificaciones_notificacion_id_seq'::regclass);


--
-- Name: id; Type: DEFAULT; Schema: public; Owner: alejandro
--

ALTER TABLE ONLY perfiles_perfil ALTER COLUMN id SET DEFAULT nextval('perfiles_perfil_id_seq'::regclass);


--
-- Name: id; Type: DEFAULT; Schema: public; Owner: alejandro
--

ALTER TABLE ONLY perfiles_usuarioleyendo ALTER COLUMN id SET DEFAULT nextval('perfiles_usuarioleyendo_id_seq'::regclass);


--
-- Name: id; Type: DEFAULT; Schema: public; Owner: alejandro
--

ALTER TABLE ONLY social_auth_association ALTER COLUMN id SET DEFAULT nextval('social_auth_association_id_seq'::regclass);


--
-- Name: id; Type: DEFAULT; Schema: public; Owner: alejandro
--

ALTER TABLE ONLY social_auth_code ALTER COLUMN id SET DEFAULT nextval('social_auth_code_id_seq'::regclass);


--
-- Name: id; Type: DEFAULT; Schema: public; Owner: alejandro
--

ALTER TABLE ONLY social_auth_nonce ALTER COLUMN id SET DEFAULT nextval('social_auth_nonce_id_seq'::regclass);


--
-- Name: id; Type: DEFAULT; Schema: public; Owner: alejandro
--

ALTER TABLE ONLY social_auth_usersocialauth ALTER COLUMN id SET DEFAULT nextval('social_auth_usersocialauth_id_seq'::regclass);


--
-- Data for Name: auth_group; Type: TABLE DATA; Schema: public; Owner: alejandro
--

COPY auth_group (id, name) FROM stdin;
\.


--
-- Name: auth_group_id_seq; Type: SEQUENCE SET; Schema: public; Owner: alejandro
--

SELECT pg_catalog.setval('auth_group_id_seq', 1, false);


--
-- Data for Name: auth_group_permissions; Type: TABLE DATA; Schema: public; Owner: alejandro
--

COPY auth_group_permissions (id, group_id, permission_id) FROM stdin;
\.


--
-- Name: auth_group_permissions_id_seq; Type: SEQUENCE SET; Schema: public; Owner: alejandro
--

SELECT pg_catalog.setval('auth_group_permissions_id_seq', 1, false);


--
-- Data for Name: auth_permission; Type: TABLE DATA; Schema: public; Owner: alejandro
--

COPY auth_permission (id, name, content_type_id, codename) FROM stdin;
20	Can change user social auth	7	change_usersocialauth
21	Can delete user social auth	7	delete_usersocialauth
22	Can add nonce	8	add_nonce
23	Can change nonce	8	change_nonce
24	Can delete nonce	8	delete_nonce
25	Can add association	9	add_association
26	Can change association	9	change_association
27	Can delete association	9	delete_association
28	Can add code	10	add_code
29	Can change code	10	change_code
30	Can delete code	10	delete_code
31	Can add grupo	11	add_grupo
32	Can change grupo	11	change_grupo
33	Can delete grupo	11	delete_grupo
34	Can add usuarios grupo	12	add_usuariosgrupo
35	Can change usuarios grupo	12	change_usuariosgrupo
36	Can delete usuarios grupo	12	delete_usuariosgrupo
37	Can add request invitacion	13	add_requestinvitacion
38	Can change request invitacion	13	change_requestinvitacion
39	Can delete request invitacion	13	delete_requestinvitacion
40	Can add libro	14	add_libro
41	Can change libro	14	change_libro
42	Can delete libro	14	delete_libro
43	Can add libros leidos	15	add_librosleidos
44	Can change libros leidos	15	change_librosleidos
45	Can delete libros leidos	15	delete_librosleidos
46	Can add libros disponibles	16	add_librosdisponibles
47	Can change libros disponibles	16	change_librosdisponibles
48	Can delete libros disponibles	16	delete_librosdisponibles
49	Can add libro disponible grupo	17	add_librodisponiblegrupo
50	Can change libro disponible grupo	17	change_librodisponiblegrupo
51	Can delete libro disponible grupo	17	delete_librodisponiblegrupo
52	Can add libros prestados	18	add_librosprestados
53	Can change libros prestados	18	change_librosprestados
70	Can add perfil	24	add_perfil
1	Can add log entry	1	add_logentry
2	Can change log entry	1	change_logentry
3	Can delete log entry	1	delete_logentry
4	Can add permission	2	add_permission
5	Can change permission	2	change_permission
6	Can delete permission	2	delete_permission
7	Can add group	3	add_group
8	Can change group	3	change_group
9	Can delete group	3	delete_group
10	Can add user	4	add_user
11	Can change user	4	change_user
12	Can delete user	4	delete_user
13	Can add content type	5	add_contenttype
14	Can change content type	5	change_contenttype
15	Can delete content type	5	delete_contenttype
16	Can add session	6	add_session
17	Can change session	6	change_session
18	Can delete session	6	delete_session
19	Can add user social auth	7	add_usersocialauth
54	Can delete libros prestados	18	delete_librosprestados
55	Can add libros request	19	add_librosrequest
56	Can change libros request	19	change_librosrequest
57	Can delete libros request	19	delete_librosrequest
58	Can add biblioteca compartida	20	add_bibliotecacompartida
59	Can change biblioteca compartida	20	change_bibliotecacompartida
60	Can delete biblioteca compartida	20	delete_bibliotecacompartida
61	Can add libros biblioteca compartida	21	add_librosbibliotecacompartida
62	Can change libros biblioteca compartida	21	change_librosbibliotecacompartida
63	Can delete libros biblioteca compartida	21	delete_librosbibliotecacompartida
64	Can add libros prestados biblioteca compartida	22	add_librosprestadosbibliotecacompartida
65	Can change libros prestados biblioteca compartida	22	change_librosprestadosbibliotecacompartida
66	Can delete libros prestados biblioteca compartida	22	delete_librosprestadosbibliotecacompartida
67	Can add libros request biblioteca compartida	23	add_librosrequestbibliotecacompartida
68	Can change libros request biblioteca compartida	23	change_librosrequestbibliotecacompartida
69	Can delete libros request biblioteca compartida	23	delete_librosrequestbibliotecacompartida
71	Can change perfil	24	change_perfil
72	Can delete perfil	24	delete_perfil
73	Can add usuario leyendo	25	add_usuarioleyendo
74	Can change usuario leyendo	25	change_usuarioleyendo
75	Can delete usuario leyendo	25	delete_usuarioleyendo
76	Can add comment grupo	26	add_commentgrupo
77	Can change comment grupo	26	change_commentgrupo
78	Can delete comment grupo	26	delete_commentgrupo
79	Can add respuesta comment grupo	27	add_respuestacommentgrupo
80	Can change respuesta comment grupo	27	change_respuestacommentgrupo
81	Can delete respuesta comment grupo	27	delete_respuestacommentgrupo
82	Can add comment notificacion	28	add_commentnotificacion
83	Can change comment notificacion	28	change_commentnotificacion
84	Can delete comment notificacion	28	delete_commentnotificacion
85	Can add comment perfil	29	add_commentperfil
86	Can change comment perfil	29	change_commentperfil
87	Can delete comment perfil	29	delete_commentperfil
88	Can add respuesta comment perfil	30	add_respuestacommentperfil
89	Can change respuesta comment perfil	30	change_respuestacommentperfil
90	Can delete respuesta comment perfil	30	delete_respuestacommentperfil
91	Can add comment b compartida	31	add_commentbcompartida
92	Can change comment b compartida	31	change_commentbcompartida
93	Can delete comment b compartida	31	delete_commentbcompartida
94	Can add respuesta comment b compartida	32	add_respuestacommentbcompartida
95	Can change respuesta comment b compartida	32	change_respuestacommentbcompartida
96	Can delete respuesta comment b compartida	32	delete_respuestacommentbcompartida
97	Can add notificacion	33	add_notificacion
98	Can change notificacion	33	change_notificacion
99	Can delete notificacion	33	delete_notificacion
100	Can add country	34	add_country
101	Can change country	34	change_country
102	Can delete country	34	delete_country
103	Can add region/state	35	add_region
104	Can change region/state	35	change_region
105	Can delete region/state	35	delete_region
106	Can add city	36	add_city
107	Can change city	36	change_city
108	Can delete city	36	delete_city
\.


--
-- Name: auth_permission_id_seq; Type: SEQUENCE SET; Schema: public; Owner: alejandro
--

SELECT pg_catalog.setval('auth_permission_id_seq', 108, true);


--
-- Data for Name: auth_user; Type: TABLE DATA; Schema: public; Owner: alejandro
--

COPY auth_user (id, password, last_login, is_superuser, username, first_name, last_name, email, is_staff, is_active, date_joined) FROM stdin;
4	pbkdf2_sha256$20000$5CywRtnJnTrz$whck4IVybE60w0KnOyP27PuD/DYKZbl10YsUdaTtALg=	2015-12-02 12:41:29.456524-05	t	admin			admin@gmail.com	t	t	2015-05-22 14:23:07-05
1	!W2iN9GD5IA7vebjHIwotwSkhDPBreMeSJSsDJFEn	2015-09-22 14:27:44.577-05	f	AlejandroVeintimilla	Alejandro	Veintimilla	alejoveintimilla@gmail.com	f	t	2015-05-20 19:40:45.14-05
2	!eqhmB9eaMlKxV8mOCy9I7tev512pwlrgjk0kimfP	2015-06-18 12:11:24.468-05	f	alejoveintimilla	Alejandro	Veintimilla	alejoveintimilla@gmail.com	f	t	2015-05-20 20:44:41.798-05
3	!ofVRtUJXMFb41vFYjgEUKw9FqRbgx1wayOA52i8k	2015-05-22 13:37:21.242-05	f	MoshMoosh	Mosh	Moosh		f	t	2015-05-22 13:37:21.118-05
5	!9vYMccBef1EhJr9PYhxS8eGPfHcYZlIaDyl6tF3h	2015-05-26 19:07:51.937-05	f	stef.doorman	Stefany	Doorman Flores	stef.doorman@gmail.com	f	t	2015-05-25 23:47:27.486-05
6	!etnqwpccQHtySZaiWrzZQmTw3Ipmqo10ro3pofUK	2015-06-22 14:53:47.839-05	f	PaulNarvaez	Paul	Narvaez	paulnrvz@live.com	f	t	2015-05-26 12:24:30.289-05
7	!wIZ1S4Tcig6bO3RPetRS9Lr4FiLxEHmzJTevnpYC	2015-05-26 12:36:27.295-05	f	paulnrvz	Paul	Narvaez	paulnrvz@gmail.com	f	t	2015-05-26 12:36:26.973-05
8	!BMGkVYlJAgTvYZ6XC9bzqnIDgIIwkvdMnB9XzpPX	2015-05-26 13:28:27.041-05	f	jativafrancisco	francisco	jativa	jativafrancisco@gmail.com	f	t	2015-05-26 13:28:26.928-05
9	!94DW6shWh6TxNsvj0hCqC1yLIZo40XHq5Ywxf5wB	2015-05-26 13:48:11.806-05	f	AlfonsoCelleri	Alfonso	Celleri	alfonsocelleri@hotmail.com	f	t	2015-05-26 13:48:11.741-05
10	!o9kNDzQpP5gAi0QeyI9TvhXrSIGRyHcWV9C2WwjB	2015-06-02 17:34:29-05	f	Santiago	Santiago	Veintimilla	santiagoveintimilla@gmail.com	f	t	2015-05-27 18:58:39-05
11	!3eDs7p18jHP7dmo8VuPdQLrjYccwOZSnpDUzmBXe	2015-06-06 13:03:42.996-05	f	DanielVeintimilla	Daniel	Veintimilla	danielveinti@gmail.com	f	t	2015-06-02 16:46:47.395-05
12	!YSXk811yRdeS1cy2I2gAweOO2UbN2TgmfAgeoYD3	2015-06-17 18:15:59.851-05	f	CoiaEcuador	Coia	Ecuador	coiaecuador@gmail.com	f	t	2015-06-02 17:31:39.863-05
13	!jNEi5z8HUCaqPMRYf0i7oqJp1pLEzD9NtSGvcG55	2015-07-28 19:42:15.766-05	f	bnalohim	Sebastian	Veintimilla	bnalohim@gmail.com	f	t	2015-06-08 17:52:30.211-05
14	!JV1ReMhDYJkOdJsVm6MDmfGmEofM2vh4SKTYFG9X	2015-07-19 12:01:18.222-05	f	MarioCeli	Mario	Celi	mcelicalderon@gmail.com	f	t	2015-06-08 18:11:20.196-05
15	!czGb32ILtp11LWoT7ICC94GLFSD9jYq1u8QulMON	2015-07-12 18:51:38.626-05	f	StefanyDoorman	Stefany	Doorman	stef.doorman@gmail.com	f	t	2015-06-08 19:02:17.988-05
16	!3J7R30jJSoSMvNcIfCCngsUQVIlTvNl5iVgBdi1A	2015-06-09 15:38:54.548-05	f	dairon.medina	Dairon	Medina Caro	dairon.medina@gmail.com	f	t	2015-06-09 15:38:54.424-05
17	!YA1WKzqxOLpyPDPOtEANWQInohv8d84ZafXjUSdN	2015-06-09 21:50:53.555-05	f	solopunks803	Jorge	Sevilla	solopunks803@gmail.com	f	t	2015-06-09 21:50:53.187-05
18	!CoaV2GGujDc7HzyNXwREMRXHYu6z3eHTkF8rVWh1	2015-06-12 11:38:03.516-05	f	usangiorgi	Ugo	Sangiorgi	usangiorgi@awa.ec	f	t	2015-06-12 11:38:03.437-05
19	!rDnkJ0hX42QzrhDLuXCZHYcVXebDkBJgbFRbDA2Z	2015-07-16 07:03:36.43-05	f	andres.nietoarguello	Andres	Nieto Arguello	andres.nietoarguello@gmail.com	f	t	2015-06-15 12:52:25.687-05
20	!ReWKFNhON5SBflhkmJMXigFbHcJwYsvnJGfrk8Id	2015-07-15 19:31:09.207-05	f	CarlosA.DeSmedt	Carlos	De Smedt	wikicarlos@gmail.com	f	t	2015-06-17 02:59:14.735-05
21	!xfvxqISwK3aHIm0p8TRm854hSNBZZS9QKU22vH9Z	2015-06-17 10:55:49.475-05	f	MiguelomAj	Miguelom	Aj	miguelo.aja@gmail.com	f	t	2015-06-17 10:55:49.403-05
22	!rv8PsanaFtS5Gz6uIivy6kP4Gf7vV49nJNDlILMm	2015-06-18 00:04:56.628-05	f	AgustinSebastianNovoaCarvaj	Agustin Sebastian	Novoa Carvajal	tinsebas_8@hotmail.com	f	t	2015-06-18 00:04:56.541-05
23	pbkdf2_sha256$20000$DKJEPsWeFUy1$iJ+34rTz8oZsrMsDoTGdIYvi15ySsj133j43AFV8G+c=	2015-06-18 17:58:27.895-05	t	farseer	Sebas	V	sebas_v8@gmail.com	t	t	2015-06-18 12:13:03-05
24	!C8ycWLCpmdh2PL8PNMsytTZB3nYEmvPLd7rFD2mS	2015-06-21 18:28:53.845-05	f	IsabelleMacias	Isabelle	Macias	isabelita15_31@hotmail.com	f	t	2015-06-21 18:28:53.753-05
25	!w4h5dQWwJfzDGcA9ZD4pIi7JQb5a9CbsRFqZXsdC	2015-06-23 15:11:55.686-05	f	danielaborjakaisin	Daniela	Borja Kaisin	danielaborjakaisin@gmail.com	f	t	2015-06-23 15:11:55.606-05
26	!YMSCKDbpuQwZ2W3DypPN93zm2jOpMudaPtxopJxW	2015-07-27 20:29:49.073-05	f	pazgomez3008	paz	gomez	pazgomez3008@gmail.com	f	t	2015-06-23 16:19:03.368-05
27	!ILk0QurfEYYbvXeYizRzDMGOteQ5NYCXHFuhDcWf	2015-06-24 10:54:12.86-05	f	ivars31	Ivn	Ros	ivars31@gmail.com	f	t	2015-06-24 10:54:12.791-05
28	!RY6tb1kiKO7PFm784Q8cymHv2YBPhDN6E2G9qbEf	2015-06-24 11:06:15.635-05	f	IsabelMena	Isabel	Mena	isabelmena2002@yahoo.com	f	t	2015-06-24 11:06:15.483-05
29	!kVuevqLTmlbqtxcmw0NwaIp5cwP5HQJQpBG7khP3	2015-06-24 15:33:48.785-05	f	PedroAlmeidaHayek	Pedro	Hayek	pdro_ha@hotmail.com	f	t	2015-06-24 15:33:48.695-05
30	!Nuy8mu0pO1G3eQXSjielTzfhKvvFwynjdG7Vox4f	2015-06-24 20:07:39.169-05	f	AndreaAlmeidaHayek	Andrea	Almeida Hayek	andrealmayek@hotmail.com	f	t	2015-06-24 20:07:39.084-05
31	!BzgjwMZTZHvH9g55z7mC2s3wcTxixo4l6dY2g9K7	2015-06-24 23:07:53.272-05	f	AndrsMuoz	Andrs	Muoz	asmz5488@gmail.com	f	t	2015-06-24 23:07:53.204-05
32	!3AAajOPKKz6qNgbx7xowIsg4L8MvT9HTRUbMgoDE	2015-07-20 16:37:43.117-05	f	JorgeMorales	Jorge	Morales	levithan21@hotmail.com	f	t	2015-06-29 17:39:10.059-05
33	pbkdf2_sha256$20000$yvrHyxeEd4Dz$3iQ88eaUAMZFJq6DccHGccEcxU2jI94aXn47ABMGyc0=	2015-07-08 17:48:19.379-05	f	ccastaneda	Carlos	Casteneda	alejoveintimilla@gmail.com	f	t	2015-07-08 17:42:56-05
34	!hMTjqUZD3v0RG3rBYSA5rcPLjb0PFhUvAZA3iqmc	2015-07-08 20:41:54.408-05	f	IvnSenz	Ivn	Senz	isaenz1981@hotmail.com	f	t	2015-07-08 20:41:54.323-05
35	!WBBQndA9Ozvbax4Ku6EjEDsXazgg6iUvyGiRidg7	2015-07-11 21:07:25.69-05	f	DanielAlejandroBarrionuevoP	Daniel	Padilla	dabp74@hotmail.com	f	t	2015-07-11 21:07:25.594-05
36	!KGHu4A3XfVHI41LLaK0JIHBOj2mv4KHisykfZb7r	2015-07-13 11:59:17.141-05	f	MaryQuishpe	Mary	Quishpe	maryblue4@yahoo.es	f	t	2015-07-13 11:59:17.043-05
37	!4zqKXTANZAbmioNHyhvDwlvLss4ChRDeE0gBGQlQ	2015-07-14 13:19:21.776-05	f	FranciscoVivanco	Francisco	Vivanco		f	t	2015-07-14 13:19:21.683-05
38	pbkdf2_sha256$20000$nDvzvmOeNkds$NnSvNse6VcWycAZeu3cOopIILGTbtJhrocQw061ChNg=	\N	f	enelmundo	Ricardo	Arcos	thecriptoanarquist@gmail.com	f	t	2015-07-15 12:08:14-05
39	!H8VAAcJdzZeiyiVe3ahBbTnU6ynapCMvcPmvssoO	2015-07-16 19:23:49.004-05	f	AnaCristinaGonzlezCaraball	Ana	Gonzlez Caraballoso	anacaraballoso@gmail.com	f	t	2015-07-16 19:23:48.923-05
40	!ooJGGFnFSYyQ2cm5Op9FLOCdkF3j6RWTsU5dCuA4	2015-07-18 15:21:03.289-05	f	BrianMolina	Brian	Molina	b_m_10_27@hotmail.com	f	t	2015-07-18 15:21:03.229-05
41	!TASS3WZ7CjBAhsyP5SwZLiLHh3YpX3qyafLfWsWF	2015-07-20 17:14:20.592-05	f	LigiaCeciliaReyesCarrera	Ligia Cecilia	Reyes Carrera	cecy_r02@yahoo.com	f	t	2015-07-20 17:14:20.495-05
42	!Ppupbny5OzGoMslcCKwhQkRwwWLzuubVrweFYlzE	2015-07-21 13:47:18.117-05	f	MarciaIntriago	Marcia	Intriago	mbintriago@hotmail.com	f	t	2015-07-21 13:47:17.925-05
43	!oooARGne1LwO7mBOC9cBOuyUaTuagGCowzJNYZHD	2015-07-23 15:11:50.102-05	f	ChurosVallejo	Churos	Vallejo	rober_vallejo@hotmail.com	f	t	2015-07-23 15:11:50.009-05
44	!hDyyjwRE0G92V4zK92eqDyoqGyNnHssyblXkPnwb	2015-07-24 09:14:18.568-05	f	MariaugustaRojas	Mariaugusta	Rojas	magusrojas@gmail.com	f	t	2015-07-24 09:14:18.4-05
45	!g3dhWOlZVfgEn4fXQaoBZ3dbsPIXFqP03GbgHSTX	2015-07-24 17:57:40.409-05	f	romeocardenase9	Romeo	Crdenas	romeocardenase9@gmail.com	f	t	2015-07-24 17:57:40.329-05
46	!5XdTYfV8OTWo9chtkoGhHaO066vFo8YVAPVl29Ck	2015-07-25 19:00:44.852-05	f	JuanFernandoEnrquezBravo	Juan Fernando	Enrquez Bravo	juanfer_eb99@hotmail.com	f	t	2015-07-25 19:00:44.769-05
47	!hcgXStm19Qv71U127ZtmmBAioQwAZ09aU4vjivGD	2015-07-25 19:17:15.998-05	f	AlissonEstefana	Alisson	Estefana	alisson_13@hotmail.it	f	t	2015-07-25 19:17:15.948-05
48	!l7LtCE8tfCJT0YyFVJNcAt5472sDwKBp2tSYgsxN	2015-07-27 00:13:06.402-05	f	PaulachaGatica	Paulacha	Gatica	paula.gatica@estud.usfq.edu.ec	f	t	2015-07-27 00:13:06.329-05
49	!gT5Wtv3yUxf7F0YgGsrp565j6azBNFT9BgenN2ux	2015-07-28 12:00:30.774-05	f	grupomendozast	Francisco	Mendoza	grupomendozast@gmail.com	f	t	2015-07-28 12:00:30.439-05
50	!lSUtZ4RPHyc4LQV9aspE3fgfwdezjsgujLHTdE8K	2015-07-28 12:32:23.604-05	f	AnnabellaValencia	Annabella	Valencia	annabella923@hotmail.com	f	t	2015-07-28 12:32:23.458-05
51	!3n8XI6Ul1LT7A3IMPvp1N6kVXZLhTcLqC7GFcAhL	2015-08-04 14:31:29.624-05	f	CynthiaGuerrero	Cynthia	Guerrero	cdguerrerochk@hotmail.com	f	t	2015-08-04 14:26:19.995-05
52	!7hqSjup8dhUeyIqIAssjq4JhNhcHpmyliekgYJ5B	2015-08-04 15:42:37.885-05	f	DanielaGuerrero	Daniela	Guerrero	daniguerc@hotmail.com	f	t	2015-08-04 15:42:37.83-05
53	!W3E4MGEwimI99xpjlyVZGwgTwmyw9TzgtmWLbOGW	2015-08-05 20:19:13.662-05	f	MaferCarpio	Mafer	Carpio	maferc27@gmail.com	f	t	2015-08-05 20:19:13.56-05
54	!cHvMKHJQJUkkNLNksZqUFz9mCxU4PQMN3RcDmKZu	2015-08-05 22:01:34.42-05	f	TefaDonoso	Tefa	Donoso		f	t	2015-08-05 22:01:34.361-05
55	!g9WKNkDK8Vf2hijvfHveqtLtdwIIwDCGVzPh4WW8	2015-08-10 13:49:36.133-05	f	mishellstefany23	Mishell	Monar	mishellstefany23@gmail.com	f	t	2015-08-10 13:49:36.053-05
56	!xoB8qXbrsM0MGbNgID5IXJpLsCu2k234chxRSK7B	2015-08-12 09:38:14.448-05	f	KarolinaChamorro	Karolina	Chamorro	chiquita9008@hotmail.com	f	t	2015-08-12 09:38:14.238-05
57	!n9qLvZ7lQh5W8Y3GwrnAM9JJdqhnnjOnB10AESuj	2015-08-15 21:54:10.523-05	f	KevinCuadradoSerrano	Kevin	Cuadrado Serrano	kevincuadrado69@yahoo.com	f	t	2015-08-15 21:54:10.008-05
58	!wDp80ASHNkXroxVtvjQH39Lm5j08JMW2cIWkio82	2015-08-16 21:00:50.872-05	f	KeniaMoreno	Kenia	Moreno	kenia-31-m@hotmail.com	f	t	2015-08-16 21:00:50.773-05
59	!eqrCk5daFKj4tdUSwyG4op4MYkOZavetZgge9P1R	2015-08-17 11:39:52.951-05	f	AmlieCarlene	Amlie	Carlene	karolina_aguirre@outlook.es	f	t	2015-08-17 11:39:52.77-05
60	!3bCJwjrfRnrCvqZwIe9oBNwmDiYnCHfYwYXI8WVo	2015-08-17 22:37:05.013-05	f	StyvenCatucuamba	Styven	Catucuamba	styven.catu1218@hotmail.com	f	t	2015-08-17 22:37:04.908-05
61	!TFUYNOOrnmNWVYobpxAdO1yeciFPiUEIFBSyZ7a9	2015-08-30 18:01:22.291-05	f	pavitopakarina	Cristina	Acosta	pavitopakarina@gmail.com	f	t	2015-08-30 18:01:22.128-05
62	!7OMaFH0zYwBcXj9afjSkol8WwkKACH2ze4eE8b4q	2015-09-20 21:26:52.86-05	f	GustavoEndara	Gustavo	Endara	gux@rocketmail.com	f	t	2015-09-20 21:26:52.723-05
63	!hbLQ17c3kK44IeOSlGSAlK5370J1T0FFsoolD4qw	2015-09-29 12:52:37.062-05	f	DaironMedina	Dairon	Medina	dairon.medina@gmail.com	f	t	2015-09-29 12:52:36.946-05
64	!e0gtFzyRe9mkiQNcMeuY37V0SNI20tC3VekW5LnC	2015-10-07 12:04:42.834-05	f	NataliaCartolini	Natalia	Cartolini	lobitadelsur@gmail.com	f	t	2015-10-07 12:04:42.734-05
65	!LuSwRZkzW3riUGLwWHxPPPzMQtjMwhAWdyg4FtIu	2015-11-15 22:35:30.372-05	f	ugo.sangiorgi	Ugo	Sangiorgi	ugo.sangiorgi@gmail.com	f	t	2015-11-15 22:35:30.247-05
\.


--
-- Data for Name: auth_user_groups; Type: TABLE DATA; Schema: public; Owner: alejandro
--

COPY auth_user_groups (id, user_id, group_id) FROM stdin;
\.


--
-- Name: auth_user_groups_id_seq; Type: SEQUENCE SET; Schema: public; Owner: alejandro
--

SELECT pg_catalog.setval('auth_user_groups_id_seq', 1, false);


--
-- Name: auth_user_id_seq; Type: SEQUENCE SET; Schema: public; Owner: alejandro
--

SELECT pg_catalog.setval('auth_user_id_seq', 65, true);


--
-- Data for Name: auth_user_user_permissions; Type: TABLE DATA; Schema: public; Owner: alejandro
--

COPY auth_user_user_permissions (id, user_id, permission_id) FROM stdin;
\.


--
-- Name: auth_user_user_permissions_id_seq; Type: SEQUENCE SET; Schema: public; Owner: alejandro
--

SELECT pg_catalog.setval('auth_user_user_permissions_id_seq', 1, false);


--
-- Data for Name: cities_light_city; Type: TABLE DATA; Schema: public; Owner: alejandro
--

COPY cities_light_city (id, name_ascii, slug, geoname_id, alternate_names, name, display_name, search_names, latitude, longitude, region_id, country_id, population, feature_code) FROM stdin;
1	Zamora	zamora	3649959		Zamora	Zamora, Zamora-Chinchipe, Ecuador	zamoraecuador zamorazamorachinchipeecuador zamorarepublicadelecuador zamorazamorachinchiperepublicadelecuador	-4.06685	-78.95488	1	1	15276	PPLA
2	Yaguachi Nuevo	yaguachi-nuevo	3650121		Yaguachi Nuevo	Yaguachi Nuevo, Guayas, Ecuador	yaguachinuevoecuador yaguachinuevoguayasecuador yaguachinuevorepublicadelecuador yaguachinuevoguayasrepublicadelecuador	-2.09680	-79.69485	11	1	27947	PPL
3	Vinces	vinces	3650186		Vinces	Vinces, Los Ros, Ecuador	vincesecuador vinceslosriosecuador vincesrepublicadelecuador vinceslosriosrepublicadelecuador	-1.55611	-79.75191	8	1	32497	PPL
4	Ventanas	ventanas	3650267		Ventanas	Ventanas, Los Ros, Ecuador	ventanasecuador ventanaslosriosecuador ventanasrepublicadelecuador ventanaslosriosrepublicadelecuador	-1.44158	-79.45943	8	1	46708	PPL
5	Velasco Ibarra	velasco-ibarra	3650273		Velasco Ibarra	Velasco Ibarra, Guayas, Ecuador	velascoibarraecuador velascoibarraguayasecuador velascoibarrarepublicadelecuador velascoibarraguayasrepublicadelecuador	-1.04376	-79.63837	11	1	48754	PPL
6	Tulcan	tulcan	3650472		Tulcn	Tulcn, Carchi, Ecuador	tulcanecuador tulcancarchiecuador tulcanrepublicadelecuador tulcancarchirepublicadelecuador	0.81187	-77.71727	17	1	86498	PPLA
7	Tena	tena	3650721		Tena	Tena, Napo, Ecuador	tenaecuador tenanapoecuador tenarepublicadelecuador tenanaporepublicadelecuador	-0.99380	-77.81286	5	1	17172	PPLA
8	Sucre	sucre	3650960		Sucre	Sucre, Manab, Ecuador	sucreecuador sucremanabiecuador sucrerepublicadelecuador sucremanabirepublicadelecuador	-1.27974	-80.41885	7	1	15286	PPL
9	Santo Domingo de los Colorados	santo-domingo-de-los-colorados	3651297		Santo Domingo de los Colorados	Santo Domingo de los Colorados, Santo Domingo de los Tschilas, Ecuador	santodomingodeloscoloradosecuador santodomingodeloscoloradossantodomingodelostsachilasecuador santodomingodeloscoloradosrepublicadelecuador santodomingodeloscoloradossantodomingodelostsachilasrepublicadelecuador	-0.25305	-79.17536	23	1	200421	PPLA
10	Santa Rosa	santa-rosa	3651356		Santa Rosa	Santa Rosa, El Oro, Ecuador	santarosaecuador santarosaeloroecuador santarosarepublicadelecuador santarosaelororepublicadelecuador	-3.44882	-79.95952	14	1	41816	PPL
11	Santa Elena	santa-elena	3651438		Santa Elena	Santa Elena, Santa Elena, Ecuador	santaelenaecuador santaelenasantaelenaecuador santaelenaprovinciadesantaelenaecuador santaelenarepublicadelecuador santaelenasantaelenarepublicadelecuador santaelenaprovinciadesantaelenarepublicadelecuador	-2.22622	-80.85873	24	1	42214	PPLA
12	San Lorenzo de Esmeraldas	san-lorenzo-de-esmeraldas	3651694		San Lorenzo de Esmeraldas	San Lorenzo de Esmeraldas, Esmeraldas, Ecuador	sanlorenzodeesmeraldasecuador sanlorenzodeesmeraldasesmeraldasecuador sanlorenzodeesmeraldasrepublicadelecuador sanlorenzodeesmeraldasesmeraldasrepublicadelecuador	1.28626	-78.83514	13	1	20209	PPL
13	San Gabriel	san-gabriel	3651868		San Gabriel	San Gabriel, Carchi, Ecuador	sangabrielecuador sangabrielcarchiecuador sangabrielrepublicadelecuador sangabrielcarchirepublicadelecuador	0.59318	-77.83078	17	1	15112	PPL
14	Samborondon	samborondon	3652065		Samborondn	Samborondn, Guayas, Ecuador	samborondonecuador samborondonguayasecuador samborondonrepublicadelecuador samborondonguayasrepublicadelecuador	-1.96276	-79.72402	11	1	24118	PPL
15	Salinas	salinas	3652100		Salinas	Salinas, Santa Elena, Ecuador	salinasecuador salinassantaelenaecuador salinasprovinciadesantaelenaecuador salinasrepublicadelecuador salinassantaelenarepublicadelecuador salinasprovinciadesantaelenarepublicadelecuador	-2.21452	-80.95151	24	1	43862	PPL
16	Rosa Zarate	rosa-zarate	3652257		Rosa Zarate	Rosa Zarate, Esmeraldas, Ecuador	rosazarateecuador rosazarateesmeraldasecuador rosazaraterepublicadelecuador rosazarateesmeraldasrepublicadelecuador	0.32779	-79.47407	13	1	42121	PPL
17	Riobamba	riobamba	3652350		Riobamba	Riobamba, Chimborazo, Ecuador	riobambaecuador riobambachimborazoecuador riobambarepublicadelecuador riobambachimborazorepublicadelecuador	-1.67098	-78.64712	16	1	124478	PPLA
18	Quito	quito	3652462		Quito	Quito, Pichincha, Ecuador	quitoecuador quitopichinchaecuador quitorepublicadelecuador quitopichincharepublicadelecuador	-0.22985	-78.52495	3	1	1399814	PPLC
19	Quevedo	quevedo	3652567		Quevedo	Quevedo, Los Ros, Ecuador	quevedoecuador quevedolosriosecuador quevedorepublicadelecuador quevedolosriosrepublicadelecuador	-1.02863	-79.46352	8	1	119436	PPL
20	Puyo	puyo	3652584		Puyo	Puyo, Pastaza, Ecuador	puyoecuador puyopastazaecuador puyorepublicadelecuador puyopastazarepublicadelecuador	-1.48369	-78.00257	4	1	24881	PPLA
21	Pujili	pujili	3652684		Pujil	Pujil, Cotopaxi, Ecuador	pujiliecuador pujilicotopaxiecuador pujilirepublicadelecuador pujilicotopaxirepublicadelecuador	-0.95759	-78.69636	15	1	16168	PPL
22	Puerto Francisco de Orellana	puerto-francisco-de-orellana	3652743		Puerto Francisco de Orellana	Puerto Francisco de Orellana, Orellana, Ecuador	puertofranciscodeorellanaecuador puertofranciscodeorellanaorellanaecuador puertofranciscodeorellanarepublicadelecuador puertofranciscodeorellanaorellanarepublicadelecuador	-0.46645	-76.98719	22	1	48144	PPLA
23	Portoviejo	portoviejo	3652941		Portoviejo	Portoviejo, Manab, Ecuador	portoviejoecuador portoviejomanabiecuador portoviejorepublicadelecuador portoviejomanabirepublicadelecuador	-1.05458	-80.45445	7	1	170326	PPLA
24	Playas	playas	3653015		Playas	Playas, Guayas, Ecuador	playasecuador playasguayasecuador playasrepublicadelecuador playasguayasrepublicadelecuador	-2.63199	-80.38808	11	1	30564	PPL
25	Pinas	pinas	3653130		Pias	Pias, El Oro, Ecuador	pinasecuador pinaseloroecuador pinasrepublicadelecuador pinaselororepublicadelecuador	-3.68107	-79.68083	14	1	16981	PPL
26	Pelileo	pelileo	3653287		Pelileo	Pelileo, Tungurahua, Ecuador	pelileoecuador pelileotungurahuaecuador pelileorepublicadelecuador pelileotungurahuarepublicadelecuador	-1.32990	-78.54341	2	1	16572	PPL
27	Pedro Carbo	pedro-carbo	3653295		Pedro Carbo	Pedro Carbo, Guayas, Ecuador	pedrocarboecuador pedrocarboguayasecuador pedrocarborepublicadelecuador pedrocarboguayasrepublicadelecuador	-1.81563	-80.23309	11	1	23372	PPL
28	Pasaje	pasaje	3653403		Pasaje	Pasaje, El Oro, Ecuador	pasajeecuador pasajeeloroecuador pasajerepublicadelecuador pasajeelororepublicadelecuador	-3.32561	-79.80697	14	1	44860	PPL
29	Otavalo	otavalo	3653693		Otavalo	Otavalo, Imbabura, Ecuador	otavaloecuador otavaloimbaburaecuador otavalorepublicadelecuador otavaloimbaburarepublicadelecuador	0.23457	-78.26248	10	1	32330	PPL
30	Naranjito	naranjito	3653873		Naranjito	Naranjito, Guayas, Ecuador	naranjitoecuador naranjitoguayasecuador naranjitorepublicadelecuador naranjitoguayasrepublicadelecuador	-2.16671	-79.46540	11	1	34206	PPL
31	Naranjal	naranjal	3653882		Naranjal	Naranjal, Guayas, Ecuador	naranjalecuador naranjalguayasecuador naranjalrepublicadelecuador naranjalguayasrepublicadelecuador	-2.67364	-79.61830	11	1	32045	PPL
32	Montecristi	montecristi	3654055		Montecristi	Montecristi, Manab, Ecuador	montecristiecuador montecristimanabiecuador montecristirepublicadelecuador montecristimanabirepublicadelecuador	-1.04576	-80.65889	7	1	18351	PPL
33	Montalvo	montalvo	3654064		Montalvo	Montalvo, Los Ros, Ecuador	montalvoecuador montalvolosriosecuador montalvorepublicadelecuador montalvolosriosrepublicadelecuador	-1.79008	-79.28759	8	1	15547	PPL
34	Manta	manta	3654410		Manta	Manta, Manab, Ecuador	mantaecuador mantamanabiecuador mantarepublicadelecuador mantamanabirepublicadelecuador	-0.96212	-80.71271	7	1	183166	PPL
35	Machala	machala	3654533		Machala	Machala, El Oro, Ecuador	machalaecuador machalaeloroecuador machalarepublicadelecuador machalaelororepublicadelecuador	-3.25861	-79.96053	14	1	198123	PPLA
36	Machachi	machachi	3654536		Machachi	Machachi, Pichincha, Ecuador	machachiecuador machachipichinchaecuador machachirepublicadelecuador machachipichincharepublicadelecuador	-0.51011	-78.56712	3	1	25742	PPL
37	Macas	macas	3654541		Macas	Macas, Morona-Santiago, Ecuador	macasecuador macasmoronasantiagoecuador macasrepublicadelecuador macasmoronasantiagorepublicadelecuador	-2.30868	-78.11135	6	1	23687	PPLA
38	Loja	loja	3654667		Loja	Loja, Loja, Ecuador	lojaecuador lojalojaecuador lojarepublicadelecuador lojalojarepublicadelecuador	-3.99313	-79.20422	9	1	117796	PPLA
39	La Troncal	la-troncal	3654853		La Troncal	La Troncal, Caar, Ecuador	latroncalecuador latroncalcanarecuador latroncalrepublicadelecuador latroncalcanarrepublicadelecuador	-2.42355	-79.33977	18	1	36353	PPL
40	Latacunga	latacunga	3654870		Latacunga	Latacunga, Cotopaxi, Ecuador	latacungaecuador latacungacotopaxiecuador latacungarepublicadelecuador latacungacotopaxirepublicadelecuador	-0.93521	-78.61554	15	1	51717	PPLA
41	La Mana	la-mana	3655117		La Man	La Man, Cotopaxi, Ecuador	lamanaecuador lamanacotopaxiecuador lamanarepublicadelecuador lamanacotopaxirepublicadelecuador	-0.94094	-79.22506	15	1	16450	PPL
42	La Libertad	la-libertad	3655131		La Libertad	La Libertad, Guayas, Ecuador	lalibertadecuador lalibertadguayasecuador lalibertadrepublicadelecuador lalibertadguayasrepublicadelecuador	-2.23300	-80.91039	11	1	75881	PPL
43	Nueva Loja	nueva-loja	3655185		Nueva Loja	Nueva Loja, Sucumbios, Ecuador	nuevalojaecuador nuevalojasucumbiosecuador nuevalojarepublicadelecuador nuevalojasucumbiosrepublicadelecuador	0.08600	-76.89528	21	1	24211	PPLA
44	Jipijapa	jipijapa	3655446		Jipijapa	Jipijapa, Manab, Ecuador	jipijapaecuador jipijapamanabiecuador jipijaparepublicadelecuador jipijapamanabirepublicadelecuador	-1.34872	-80.57875	7	1	35901	PPL
45	Ibarra	ibarra	3655673		Ibarra	Ibarra, Imbabura, Ecuador	ibarraecuador ibarraimbaburaecuador ibarrarepublicadelecuador ibarraimbaburarepublicadelecuador	0.35171	-78.12233	10	1	132977	PPLA
46	Huaquillas	huaquillas	3655720		Huaquillas	Huaquillas, El Oro, Ecuador	huaquillasecuador huaquillaseloroecuador huaquillasrepublicadelecuador huaquillaselororepublicadelecuador	-3.47523	-80.23084	14	1	39757	PPL
47	Guayaquil	guayaquil	3657509		Guayaquil	Guayaquil, Guayas, Ecuador	guayaquilecuador guayaquilguayasecuador guayaquilrepublicadelecuador guayaquilguayasrepublicadelecuador	-2.20584	-79.90795	11	1	1952029	PPLA
48	Guaranda	guaranda	3657571		Guaranda	Guaranda, Bolvar, Ecuador	guarandaecuador guarandabolivarecuador guarandarepublicadelecuador guarandabolivarrepublicadelecuador	-1.59263	-79.00098	19	1	22199	PPLA
49	Gualaceo	gualaceo	3657670		Gualaceo	Gualaceo, Azuay, Ecuador	gualaceoecuador gualaceoazuayecuador gualaceorepublicadelecuador gualaceoazuayrepublicadelecuador	-2.89264	-78.77814	20	1	17122	PPL
50	Esmeraldas	esmeraldas	3657990		Esmeraldas	Esmeraldas, Esmeraldas, Ecuador	esmeraldasecuador esmeraldasesmeraldasecuador esmeraldasrepublicadelecuador esmeraldasesmeraldasrepublicadelecuador	0.95920	-79.65397	13	1	165216	PPLA
51	El Triunfo	el-triunfo	3658053		El Triunfo	El Triunfo, Guayas, Ecuador	eltriunfoecuador eltriunfoguayasecuador eltriunforepublicadelecuador eltriunfoguayasrepublicadelecuador	-1.93333	-79.96667	11	1	32282	PPL
52	Eloy Alfaro	eloy-alfaro	3658192		Eloy Alfaro	Eloy Alfaro, Guayas, Ecuador	eloyalfaroecuador eloyalfaroguayasecuador eloyalfarorepublicadelecuador eloyalfaroguayasrepublicadelecuador	-2.17579	-79.85519	11	1	167784	PPL
53	Cuenca	cuenca	3658666		Cuenca	Cuenca, Azuay, Ecuador	cuencaecuador cuencaazuayecuador cuencarepublicadelecuador cuencaazuayrepublicadelecuador	-2.90055	-79.00453	20	1	276964	PPLA
54	Chone	chone	3659139		Chone	Chone, Manab, Ecuador	choneecuador chonemanabiecuador chonerepublicadelecuador chonemanabirepublicadelecuador	-0.69819	-80.09361	7	1	44751	PPL
55	Cayambe	cayambe	3659578		Cayambe	Cayambe, Pichincha, Ecuador	cayambeecuador cayambepichinchaecuador cayamberepublicadelecuador cayambepichincharepublicadelecuador	0.04084	-78.14524	3	1	26582	PPL
56	Catamayo	catamayo	3659599		Catamayo	Catamayo, Loja, Ecuador	catamayoecuador catamayolojaecuador catamayorepublicadelecuador catamayolojarepublicadelecuador	-3.98652	-79.35912	9	1	18565	PPL
57	Cariamanga	cariamanga	3659711		Cariamanga	Cariamanga, Loja, Ecuador	cariamangaecuador cariamangalojaecuador cariamangarepublicadelecuador cariamangalojarepublicadelecuador	-4.32796	-79.55554	9	1	16862	PPL
58	Calceta	calceta	3659926		Calceta	Calceta, Manab, Ecuador	calcetaecuador calcetamanabiecuador calcetarepublicadelecuador calcetamanabirepublicadelecuador	-0.84582	-80.16389	7	1	17286	PPL
59	Boca Suno	boca-suno	3660152		Boca Suno	Boca Suno, Orellana, Ecuador	bocasunoecuador bocasunoorellanaecuador bocasunorepublicadelecuador bocasunoorellanarepublicadelecuador	-0.69832	-77.14083	22	1	20313	PPL
60	Balzar	balzar	3660361		Balzar	Balzar, Guayas, Ecuador	balzarecuador balzarguayasecuador balzarrepublicadelecuador balzarguayasrepublicadelecuador	-1.36501	-79.90494	11	1	40115	PPL
61	Bahia de Caraquez	bahia-de-caraquez	3660401		Baha de Carquez	Baha de Carquez, Manab, Ecuador	bahiadecaraquezecuador bahiadecaraquezmanabiecuador bahiadecaraquezrepublicadelecuador bahiadecaraquezmanabirepublicadelecuador	-0.59792	-80.42367	7	1	37056	PPL
62	Babahoyo	babahoyo	3660418		Babahoyo	Babahoyo, Los Ros, Ecuador	babahoyoecuador babahoyolosriosecuador babahoyorepublicadelecuador babahoyolosriosrepublicadelecuador	-1.80217	-79.53443	8	1	76279	PPLA
63	Azogues	azogues	3660434		Azogues	Azogues, Caar, Ecuador	azoguesecuador azoguescanarecuador azoguesrepublicadelecuador azoguescanarrepublicadelecuador	-2.73969	-78.84860	18	1	34877	PPLA
64	Atuntaqui	atuntaqui	3660478		Atuntaqui	Atuntaqui, Imbabura, Ecuador	atuntaquiecuador atuntaquiimbaburaecuador atuntaquirepublicadelecuador atuntaquiimbaburarepublicadelecuador	0.33247	-78.21371	10	1	17456	PPL
65	Ambato	ambato	3660689		Ambato	Ambato, Tungurahua, Ecuador	ambatoecuador ambatotungurahuaecuador ambatorepublicadelecuador ambatotungurahuarepublicadelecuador	-1.24908	-78.61675	2	1	154369	PPLA
66	Tutamandahostel	tutamandahostel	10277901		Tutamandahostel	Tutamandahostel, Pichincha, Ecuador	tutamandahostelecuador tutamandahostelpichinchaecuador tutamandahostelrepublicadelecuador tutamandahostelpichincharepublicadelecuador	-0.19727	-78.49750	3	1	140000	PPLL
\.


--
-- Name: cities_light_city_id_seq; Type: SEQUENCE SET; Schema: public; Owner: alejandro
--

SELECT pg_catalog.setval('cities_light_city_id_seq', 66, true);


--
-- Data for Name: cities_light_country; Type: TABLE DATA; Schema: public; Owner: alejandro
--

COPY cities_light_country (id, name_ascii, slug, geoname_id, alternate_names, name, code2, code3, continent, tld, phone) FROM stdin;
1	Ecuador	ecuador	3658394	Repblica del Ecuador	Ecuador	EC	ECU	SA	ec	593
\.


--
-- Name: cities_light_country_id_seq; Type: SEQUENCE SET; Schema: public; Owner: alejandro
--

SELECT pg_catalog.setval('cities_light_country_id_seq', 1, true);


--
-- Data for Name: cities_light_region; Type: TABLE DATA; Schema: public; Owner: alejandro
--

COPY cities_light_region (id, name_ascii, slug, geoname_id, alternate_names, name, display_name, geoname_code, country_id) FROM stdin;
1	Zamora-Chinchipe	zamora-chinchipe	3649953		Zamora-Chinchipe	Zamora-Chinchipe, Ecuador	20	1
2	Tungurahua	tungurahua	3650445		Tungurahua	Tungurahua, Ecuador	19	1
3	Pichincha	pichincha	3653224		Pichincha	Pichincha, Ecuador	18	1
4	Pastaza	pastaza	3653392		Pastaza	Pastaza, Ecuador	17	1
5	Napo	napo	3653890		Napo	Napo, Ecuador	23	1
6	Morona-Santiago	morona-santiago	3654005		Morona-Santiago	Morona-Santiago, Ecuador	15	1
7	Manabi	manabi	3654451		Manab	Manab, Ecuador	14	1
8	Los Rios	los-rios	3654592		Los Ros	Los Ros, Ecuador	13	1
9	Loja	loja	3654665		Loja	Loja, Ecuador	12	1
10	Imbabura	imbabura	3655635		Imbabura	Imbabura, Ecuador	11	1
11	Guayas	guayas	3657505		Guayas	Guayas, Ecuador	10	1
12	Galapagos	galapagos	3657879	Archipilago de Galpagos	Galpagos	Galpagos, Ecuador	01	1
13	Esmeraldas	esmeraldas	3657986		Esmeraldas	Esmeraldas, Ecuador	09	1
14	El Oro	el-oro	3658195		El Oro	El Oro, Ecuador	08	1
15	Cotopaxi	cotopaxi	3658766		Cotopaxi	Cotopaxi, Ecuador	07	1
16	Chimborazo	chimborazo	3659237		Chimborazo	Chimborazo, Ecuador	06	1
17	Carchi	carchi	3659718		Carchi	Carchi, Ecuador	05	1
18	Canar	canar	3659849		Caar	Caar, Ecuador	04	1
19	Bolivar	bolivar	3660130		Bolvar	Bolvar, Ecuador	03	1
20	Azuay	azuay	3660431		Azuay	Azuay, Ecuador	02	1
21	Sucumbios	sucumbios	3830305		Sucumbios	Sucumbios, Ecuador	22	1
22	Orellana	orellana	3830306		Orellana	Orellana, Ecuador	24	1
23	Santo Domingo de los Tsachilas	santo-domingo-de-los-tsachilas	7062136		Santo Domingo de los Tschilas	Santo Domingo de los Tschilas, Ecuador	26	1
24	Santa Elena	santa-elena	7062138	Provincia de Santa Elena	Santa Elena	Santa Elena, Ecuador	25	1
\.


--
-- Name: cities_light_region_id_seq; Type: SEQUENCE SET; Schema: public; Owner: alejandro
--

SELECT pg_catalog.setval('cities_light_region_id_seq', 24, true);


--
-- Data for Name: comentarios_commentbcompartida; Type: TABLE DATA; Schema: public; Owner: alejandro
--

COPY comentarios_commentbcompartida (id, texto, eliminado, fecha, bcompartida_id, perfil_id) FROM stdin;
\.


--
-- Name: comentarios_commentbcompartida_id_seq; Type: SEQUENCE SET; Schema: public; Owner: alejandro
--

SELECT pg_catalog.setval('comentarios_commentbcompartida_id_seq', 1, false);


--
-- Data for Name: comentarios_commentgrupo; Type: TABLE DATA; Schema: public; Owner: alejandro
--

COPY comentarios_commentgrupo (id, texto, eliminado, fecha, grupo_id, perfil_id) FROM stdin;
\.


--
-- Name: comentarios_commentgrupo_id_seq; Type: SEQUENCE SET; Schema: public; Owner: alejandro
--

SELECT pg_catalog.setval('comentarios_commentgrupo_id_seq', 1, false);


--
-- Data for Name: comentarios_commentnotificacion; Type: TABLE DATA; Schema: public; Owner: alejandro
--

COPY comentarios_commentnotificacion (id, texto, eliminado, fecha, notificacion_id, perfil_id) FROM stdin;
\.


--
-- Name: comentarios_commentnotificacion_id_seq; Type: SEQUENCE SET; Schema: public; Owner: alejandro
--

SELECT pg_catalog.setval('comentarios_commentnotificacion_id_seq', 1, false);


--
-- Data for Name: comentarios_commentperfil; Type: TABLE DATA; Schema: public; Owner: alejandro
--

COPY comentarios_commentperfil (id, texto, eliminado, fecha, muro_id, perfil_id) FROM stdin;
\.


--
-- Name: comentarios_commentperfil_id_seq; Type: SEQUENCE SET; Schema: public; Owner: alejandro
--

SELECT pg_catalog.setval('comentarios_commentperfil_id_seq', 1, false);


--
-- Data for Name: comentarios_respuestacommentbcompartida; Type: TABLE DATA; Schema: public; Owner: alejandro
--

COPY comentarios_respuestacommentbcompartida (id, texto, eliminado, fecha, comment_bcompartida_id, perfil_id) FROM stdin;
\.


--
-- Name: comentarios_respuestacommentbcompartida_id_seq; Type: SEQUENCE SET; Schema: public; Owner: alejandro
--

SELECT pg_catalog.setval('comentarios_respuestacommentbcompartida_id_seq', 1, false);


--
-- Data for Name: comentarios_respuestacommentgrupo; Type: TABLE DATA; Schema: public; Owner: alejandro
--

COPY comentarios_respuestacommentgrupo (id, texto, eliminado, fecha, comment_grupo_id, perfil_id) FROM stdin;
\.


--
-- Name: comentarios_respuestacommentgrupo_id_seq; Type: SEQUENCE SET; Schema: public; Owner: alejandro
--

SELECT pg_catalog.setval('comentarios_respuestacommentgrupo_id_seq', 1, false);


--
-- Data for Name: comentarios_respuestacommentperfil; Type: TABLE DATA; Schema: public; Owner: alejandro
--

COPY comentarios_respuestacommentperfil (id, texto, eliminado, fecha, comment_perfil_id, perfil_id) FROM stdin;
\.


--
-- Name: comentarios_respuestacommentperfil_id_seq; Type: SEQUENCE SET; Schema: public; Owner: alejandro
--

SELECT pg_catalog.setval('comentarios_respuestacommentperfil_id_seq', 1, false);


--
-- Data for Name: django_admin_log; Type: TABLE DATA; Schema: public; Owner: alejandro
--

COPY django_admin_log (id, action_time, object_id, object_repr, action_flag, change_message, content_type_id, user_id) FROM stdin;
1	2015-12-02 12:55:48.503388-05	1	Biblioteca Compartida: Casa Ku	1		20	4
\.


--
-- Name: django_admin_log_id_seq; Type: SEQUENCE SET; Schema: public; Owner: alejandro
--

SELECT pg_catalog.setval('django_admin_log_id_seq', 1, true);


--
-- Data for Name: django_content_type; Type: TABLE DATA; Schema: public; Owner: alejandro
--

COPY django_content_type (id, app_label, model) FROM stdin;
1	admin	logentry
2	auth	permission
3	auth	group
4	auth	user
5	contenttypes	contenttype
6	sessions	session
7	default	usersocialauth
8	default	nonce
9	default	association
10	default	code
11	grupos	grupo
12	grupos	usuariosgrupo
13	grupos	requestinvitacion
14	libros	libro
15	libros	librosleidos
16	libros	librosdisponibles
17	libros	librodisponiblegrupo
18	libros	librosprestados
19	libros	librosrequest
20	libros	bibliotecacompartida
21	libros	librosbibliotecacompartida
22	libros	librosprestadosbibliotecacompartida
23	libros	librosrequestbibliotecacompartida
24	perfiles	perfil
25	perfiles	usuarioleyendo
26	comentarios	commentgrupo
27	comentarios	respuestacommentgrupo
28	comentarios	commentnotificacion
29	comentarios	commentperfil
30	comentarios	respuestacommentperfil
31	comentarios	commentbcompartida
32	comentarios	respuestacommentbcompartida
33	notificaciones	notificacion
34	cities_light	country
35	cities_light	region
36	cities_light	city
\.


--
-- Name: django_content_type_id_seq; Type: SEQUENCE SET; Schema: public; Owner: alejandro
--

SELECT pg_catalog.setval('django_content_type_id_seq', 36, true);


--
-- Data for Name: django_migrations; Type: TABLE DATA; Schema: public; Owner: alejandro
--

COPY django_migrations (id, app, name, applied) FROM stdin;
1	contenttypes	0001_initial	2015-12-02 11:03:33.879525-05
2	auth	0001_initial	2015-12-02 11:03:34.714562-05
3	admin	0001_initial	2015-12-02 11:03:34.903426-05
4	contenttypes	0002_remove_content_type_name	2015-12-02 11:03:34.959172-05
5	auth	0002_alter_permission_name_max_length	2015-12-02 11:03:34.992253-05
6	auth	0003_alter_user_email_max_length	2015-12-02 11:03:35.025785-05
7	auth	0004_alter_user_username_opts	2015-12-02 11:03:35.052027-05
8	auth	0005_alter_user_last_login_null	2015-12-02 11:03:35.081825-05
9	auth	0006_require_contenttypes_0002	2015-12-02 11:03:35.09368-05
10	cities_light	0001_initial	2015-12-02 11:03:36.29531-05
11	cities_light	0002_city	2015-12-02 11:03:37.049966-05
12	cities_light	0003_auto_20141120_0342	2015-12-02 11:03:37.073326-05
13	libros	0001_initial	2015-12-02 11:03:37.963295-05
14	perfiles	0001_initial	2015-12-02 11:03:38.374918-05
15	grupos	0001_initial	2015-12-02 11:03:38.686822-05
16	notificaciones	0001_initial	2015-12-02 11:03:38.898358-05
17	comentarios	0001_initial	2015-12-02 11:03:39.502483-05
18	comentarios	0002_auto_20151202_1603	2015-12-02 11:03:40.450595-05
19	default	0001_initial	2015-12-02 11:03:41.07043-05
20	default	0002_add_related_name	2015-12-02 11:03:41.159043-05
21	default	0003_alter_email_max_length	2015-12-02 11:03:41.193271-05
22	grupos	0002_auto_20151202_1603	2015-12-02 11:03:41.82655-05
23	libros	0002_auto_20151202_1603	2015-12-02 11:03:43.941806-05
24	notificaciones	0002_auto_20151202_1603	2015-12-02 11:03:44.317144-05
25	sessions	0001_initial	2015-12-02 11:03:44.495975-05
\.


--
-- Name: django_migrations_id_seq; Type: SEQUENCE SET; Schema: public; Owner: alejandro
--

SELECT pg_catalog.setval('django_migrations_id_seq', 25, true);


--
-- Data for Name: django_session; Type: TABLE DATA; Schema: public; Owner: alejandro
--

COPY django_session (session_key, session_data, expire_date) FROM stdin;
s0gbq84vyc0arspbbeb1mljlr85jvabf	ZmJhMTgwMWVkZWM1MjA3YTRhYzIwZWRjMzIyNmJkZTIzZjU5MzNjMzp7Il9hdXRoX3VzZXJfaGFzaCI6ImIwMTE2Nzc2YzczMDRkNmQ4N2M4NDlmZTFhMmU5OTI5Njc1YzBmZmEiLCJfYXV0aF91c2VyX2JhY2tlbmQiOiJkamFuZ28uY29udHJpYi5hdXRoLmJhY2tlbmRzLk1vZGVsQmFja2VuZCIsIl9hdXRoX3VzZXJfaWQiOiIxIn0=	2015-12-16 11:21:15.834347-05
ya602j6fs9bib5xyzc4yt8wivc9skn0d	MzA5OTk1ODM0Yjc4YzdjNmRjYTVmYTg4ODg3YmQ1ODY1YWJmMWUzYjp7Il9hdXRoX3VzZXJfaGFzaCI6IjJhYjAzNDI4YTVhZjJiMDBiYmNiNzA1NzQwNjBmY2U0NGY0NGQ2MmIiLCJfYXV0aF91c2VyX2JhY2tlbmQiOiJkamFuZ28uY29udHJpYi5hdXRoLmJhY2tlbmRzLk1vZGVsQmFja2VuZCIsIl9hdXRoX3VzZXJfaWQiOiI0In0=	2015-12-16 12:41:29.468321-05
\.


--
-- Data for Name: grupos_grupo; Type: TABLE DATA; Schema: public; Owner: alejandro
--

COPY grupos_grupo (id, nombre, descripcion, imagen, tipo, ciudad_id) FROM stdin;
\.


--
-- Name: grupos_grupo_id_seq; Type: SEQUENCE SET; Schema: public; Owner: alejandro
--

SELECT pg_catalog.setval('grupos_grupo_id_seq', 1, false);


--
-- Data for Name: grupos_requestinvitacion; Type: TABLE DATA; Schema: public; Owner: alejandro
--

COPY grupos_requestinvitacion (id, aceptado, fecha_invitacion, eliminado, aceptado_por_id, grupo_id, invitado_por_id, usuario_invitado_id) FROM stdin;
\.


--
-- Name: grupos_requestinvitacion_id_seq; Type: SEQUENCE SET; Schema: public; Owner: alejandro
--

SELECT pg_catalog.setval('grupos_requestinvitacion_id_seq', 1, false);


--
-- Data for Name: grupos_usuariosgrupo; Type: TABLE DATA; Schema: public; Owner: alejandro
--

COPY grupos_usuariosgrupo (id, es_admin, activo, grupo_id, perfil_id) FROM stdin;
\.


--
-- Name: grupos_usuariosgrupo_id_seq; Type: SEQUENCE SET; Schema: public; Owner: alejandro
--

SELECT pg_catalog.setval('grupos_usuariosgrupo_id_seq', 1, false);


--
-- Data for Name: libros_bibliotecacompartida; Type: TABLE DATA; Schema: public; Owner: alejandro
--

COPY libros_bibliotecacompartida (id, nombre, slug, punto_google_maps, direccion, imagen, eliminada, direccion_web, ciudad_id, perfil_admin_id) FROM stdin;
1	Casa Ku	casa-ku				f		18	4
\.


--
-- Name: libros_bibliotecacompartida_id_seq; Type: SEQUENCE SET; Schema: public; Owner: alejandro
--

SELECT pg_catalog.setval('libros_bibliotecacompartida_id_seq', 1, true);


--
-- Data for Name: libros_libro; Type: TABLE DATA; Schema: public; Owner: alejandro
--

COPY libros_libro (id, titulo, slug, autor, descripcion) FROM stdin;
1	La isla de las tormentas	la-isla-de-las-tormentas	Ken Follet	http://www.amazon.es/isla-las-tormentas-Ken-Follett-ebook/dp/B00HNXZH3M/ref=sr_1_1?s=books&ie=UTF8&qid=1433531485&sr=1-1&keywords=La+isla+de+las+tormentas
2	La casa del silencio	la-casa-del-silencio	Omar Pamuk	
3	Delirio	delirio	Laura Restrepo	
4	End this depression now!	end-this-depression-now	Paul Krugman	
5	El lobo estepario	el-lobo-estepario	Herman Hesse	
6	La vida es sueo	la-vida-es-sueno	Calderon de la Barca	
7	Ingls para Pervertidos	ingles-para-pervertidos	Venus O Hara	
8	La triloga de Nueva York	la-trilogia-de-nueva-york	Paul Auster	
9	Estambul	estambul	Omar Pamuk	
10	Papel Mojado	papel-mojado	Juan Jos Mills	
11	Cuaderno de notas	cuaderno-de-notas	Leonardo Da Vinci	
12	Humano, demasiado humano	humano-demasiado-humano	F. Nietzsche	
13	Diario de un mal ao	diario-de-un-mal-ano	J. M. Coetzee	
14	El nombre de la Rosa	el-nombre-de-la-rosa	Umberto Eco	
15	Las intermitencias de la muerte	las-intermitencias-de-la-muerte	Jos Saramago	
16	Permiso para sentir	permiso-para-sentir	Alfredo Bryce Echenique	
17	Sihuh, el egipcio	sihuhe-el-egipcio	Mike Waltari	http://www.amazon.es/Sihuhe-egipcio-161-BEST-SELLER/dp/849759665X/ref=sr_1_fkmr1_1?s=books&ie=UTF8&qid=1433537639&sr=1-1-fkmr1&keywords=Sihuh%C3%A9%2C+el+egipcio++Mike+Waltari
18	El libro negro	el-libro-negro	Omar Pamuk	
19	La identidad	la-identidad	Miln Kundera	
20	La hija del curandero	la-hija-del-curandero	Amy Tan	
21	El Avaro	el-avaro	Moliere	
22	Casi un objeto	casi-un-objeto	Jos Saramago	
23	Iniciacin de un hombre	iniciacion-de-un-hombre	Dos Passos	
24	Morga	morga	Alfonso Reece D. 	"Audaz, seductor, mujeriego, culto, Antonio de Morga escribe con pasin sobre los sucesos de su vida en las lejanas Filipinas, en la esplndida Mxico y en la inslita Quito del siglo XVII."\r\n\r\nhttp://www.prisaediciones.com/ec/libro/morga-1/
25	Dama de noche	dama-de-noche	David del Campo	https://books.google.com.ec/books/about/Dama_de_Noche.html?id=pkceAQAAIAAJ&hl=es-419
26	La balsa de piedra	la-balsa-de-piedra	Jos Saramago	
27	Fontanarrosa de Penal	fontanarrosa-de-penal	Negro Fontanarrosa	En esta coleccin de humor grfico, el lector se encontrar con el genial estilo del Negro Fontanarrosa al servicio de algunos temas inevitables a la hora de reir: los polticos, los mdicos, el sexo, la inseguridad
28	Manual del perfecto idiota latinoamericano	manual-del-perfecto-idiota-latinoamericano	Alvaro Vargas Llosa, otros	
29	Rain Man	rain-man	Leonore Freischer	http://www.amazon.es/Rain-man-el-hombre-lluvia/dp/8408000756/ref=sr_1_1?s=books&ie=UTF8&qid=1433530530&sr=1-1&keywords=Rain+man
30	Tieta de Agreste	tieta-de-agreste	Jorge Amado	
31	Tierras de poniente	tierras-de-poniente	J. M. Coetzee	
32	La Alegra del Vivir	la-alegria-del-vivir	Orison Swett Marden	
33	De viaje por paises socialistas	de-viaje-por-paises-socialistas	Gabriel Garca Mrquez	https://books.google.com.ec/books?id=YwgargEACAAJ&dq=De+viaje+por+paises+socialistas+Gabriel+Garc%C3%ADa+M%C3%A1rquez&hl=es&sa=X&ei=CRpyVaq5E4_msATVo4GoDw&ved=0CBwQ6AEwAA
34	La sangre ajena	la-sangre-ajena	Manuel de Lope	
35	Instinto Bsico	instinto-basico	Richard Osborne	http://www.casadellibro.com/libro-instinto-basico/9788440629432/123366
36	La sombra del viento	la-sombra-del-viento	Carlos Ruiz Zafn	
37	Levantado del suelo	levantado-del-suelo	Jos Saramago	
38	El hombre sentimental	el-hombre-sentimental	Javier Maras	
39	La fiesta del chivo	la-fiesta-del-chivo	Mario Vargas Llosa	
40	La metamorfosis	la-metamorfosis	Kafka	
41	Cujo	cujo	Stephen King	http://www.amazon.es/Cujo-Stephen-King-ebook/dp/B00HUDZ1CM/ref=sr_1_sc_1?s=books&ie=UTF8&qid=1433537763&sr=1-1-spell&keywords=Cujo+stephen+Kink
42	El quinto jinete	el-quinto-jinete	Domenique Lapierre	http://www.amazon.es/QUINTO-JINETE-Dominique-Lapierre-Collins/dp/8401370728/ref=sr_1_sc_1?s=books&ie=UTF8&qid=1433537119&sr=1-1-spell&keywords=El+quinto+jinete+Domenique+Lapierre
43	Bailando con lobos	bailando-con-lobos	Michael Bake	http://www.amazon.es/Bailando-lobos-blanda-BLAKE-Michael--/dp/B004X070FG/ref=sr_1_sc_3?s=books&ie=UTF8&qid=1433536738&sr=1-3-spell&keywords=Bailando+con+lobos+Michael+Bake
44	La Tormenta de los Desquiciados	la-tormenta-de-los-desquiciados	Jota Kintana	http://www.jotakintana.com/prologos/Prologo_Tormenta_de_los_desquiciados.pdf\r\n\r\nEl poema es la extraccin muchas veces al vaco de las imperfecciones del\r\nmundo, que se construye para evitar ese estadio terrible que es la vacuidad. No es\r\nuna doble negacin sta (la mencin del vaco), sino una palabra que\r\nobstinadamente roza el horizonte que compartimos, cuestionndolo. Es, en ltima\r\ninstancia, el discurso que corre de forma paralela a la realidad, apalancando una\r\npalabra crtica, polmica, perturbadora las ms de las veces. El vaco al que hicimos\r\nreferencia se extrema al punto de volverse duro, y precisamente de esta forma\r\nlogra devenir un horizonte donde se levantan smbolos nuevos, esto es, smbolos\r\nque destierren a los precedentes.\r\nHace un ao coment la anterior entrega lrica del autor. Hice un recorrido por lo\r\nque se me presentaba como una sucesin de espacios reflexivos en cuanto a la\r\nmaceracin del texto potico. Entonces cre ver all una geografa de la\r\nmaduracin, que se exiga a s misma un norte de esfuerzo y las labores del oficio.\r\nSe usaba la metfora del aejamiento para dar cuenta de los trabajos propios de la\r\nescritura potica.\r\nLos poemas de esta entrega juegan con la dimensin temporal, llevan de la mano al\r\nlector a una sensacin ambigua que va desde el desquicio hacia la imposibilidad de\r\nencajar en un medio que se haba mostrado relativamente cmodo anteriormente.\r\nEl tiempo es mezquino, se angosta y resulta insuficiente. Constituye el marco para\r\nla pieza que no cuadra en la palestra de las letras, pero tambin es una mirada que\r\nprovoca desazn. Quiero decir que esta lectura incomoda a algunos interlocutores\r\nporque precisamente su propsito es hacerse un espacio entre y a pesar de un\r\ndiscurso que plantea a los dems una duda que se ha formulado a s misma. Al\r\ngrano: existe una particularidad esquizofrnica que se proyecta en las escazas\r\ncertezas: Y slo me mira a m, se repite al inicio del libro, como propuesta de\r\nidentidad; pero aun esta posibilidad queda fragmentada, cuando se parte de lo\r\nvisual, pero se llega a lo tctil, incluso al azar: Y slo me toca a m.\r\n
45	Miseria de la filosofa	miseria-de-la-filosofia	Carlos Marx	
46	Ecuador, identidad o esquizofrenia	ecuador-identidad-o-esquizofrenia	Miguel Donoso Pareja	
47	Leonora	leonora	Elena Poniatowska	
48	Amor en tiempos del clera	amor-en-tiempos-del-colera	Gabriel Garca Mrquez	http://www.amazon.es/amor-los-tiempos-del-c%C3%B3lera-ebook/dp/B00SNOFV7W/ref=sr_1_1?s=books&ie=UTF8&qid=1433541258&sr=1-1&keywords=amor+en+tiempos+del+c%C3%B3lera+Gabriel+Garc%C3%ADa+M%C3%A1rquez
49	Cuando los guayacanes florecan	cuando-los-guayacanes-florecian	Nelson Estupian Bass	
50	Elegidos para la gloria	elegidos-para-la-gloria	Tom Wolfe	http://www.amazon.es/Lo-que-hay-tener-Compactos/dp/8433973797/ref=sr_1_1?s=books&ie=UTF8&qid=1433534602&sr=1-1&keywords=Elegidos+para+la+gloria
51	El hombre mediocre	el-hombre-mediocre	Jos Ingenieros	
52	Sobre el amor	sobre-el-amor	Carl Gustav Jung	
53	Sputnik, mi amor	sputnik-mi-amor	Haruki Murakami	
54	Pobres Gentes	pobres-gentes	Fedor Dostoievski	
55	El cuarto protocolo	el-cuarto-protocolo	Fredereick Forsyth	http://www.amazon.es/El-cuarto-protocolo-Frederick-Forsyth-ebook/dp/B0062X3C4U/ref=sr_1_sc_1?s=books&ie=UTF8&qid=1433536805&sr=1-1-spell&keywords=El+cuarto+protocolo+Fredereick+Forsyth
56	Infierno	infierno	Dan Brown	
57	Preguntale a Alicia	preguntale-a-alicia	Annimo	
58	El papa verde	el-papa-verde	Miguel Angel Asturias	
59	Un espia perfecto	un-espia-perfecto	John le Carr	http://www.amazon.es/Un-espia-perfecto-John-Carre/dp/B00FD0XZH2/ref=sr_1_2?s=books&ie=UTF8&qid=1433536836&sr=1-2&keywords=Un+espia+perfecto+John+le+Carr%C3%A9
60	De amor y de sombra	de-amor-y-de-sombra	Isabel Allende	
61	El Arte de la Guerra	el-arte-de-la-guerra	Sun Tzu	
62	Historia de Mayta	historia-de-mayta	Mario Vargas Llosa	
63	Oh, Jerusalem	oh-jerusalem	Domenique Lapierre	
64	Crea que mi padre era Dios	creia-que-mi-padre-era-dios	Paul Auster	
65	El juego de Ripper	el-juego-de-ripper	Isabel Allende	
66	El perro de los Baskerville	el-perro-de-los-baskerville	Arthur Conan Doyle	
67	Cuaderno de Temuco	cuaderno-de-temuco	Pablo Neruda	
68	Historia de la eternidad	historia-de-la-eternidad	Jorge Luis Borges	
69	Diana o la cazadora solitaria	diana-o-la-cazadora-solitaria	Carlos Fuentes	
70	Hamlet	hamlet	Shakespeare	
71	El ao de la muerte de Ricardo Reis	el-ano-de-la-muerte-de-ricardo-reis	Jos Saramago	
72	Antologa de los mejores poemas	antologia-de-los-mejores-poemas	Toribio Ayarin	
73	La muerte de Artemio Cruz	la-muerte-de-artemio-cruz	Carlos Fuentes	
74	Inshallah	inshallah	Oriana Fallaci	
75	Desgracia	desgracia	J. M. Coetzee	
76	Los bienes terrenales del hombre	los-bienes-terrenales-del-hombre	Leo Huberman	
77	Los justos	los-justos	Albert Camus	
78	cuatro corazones con freno y marcha atrs	cuatro-corazones-con-freno-y-marcha-atras	Enrique Jardiel Poncela	
79	La isla bajo el mar	la-isla-bajo-el-mar	Isabel Allende	
80	El secreto del ruiseor	el-secreto-del-ruisenor	Victoria Holt	http://www.amazon.es/secreto-del-ruise%C3%B1or-Victoria-Holt-ebook/dp/B00FXVYB3S/ref=sr_1_1?s=books&ie=UTF8&qid=1433530797&sr=1-1&keywords=El+secreto+del+ruise%C3%B1or
81	La borra del Caf	la-borra-del-cafe	Mario Benedetti	
82	Narraciones	narraciones	Chejov	
83	La semilla del diablo	la-semilla-del-diablo	Ira Levin	http://www.amazon.es/SEMILLA-DEL-DIABLO-Ira-Levin/dp/B0046HQIF4/ref=sr_1_3?s=books&ie=UTF8&qid=1433530073&sr=1-3&keywords=La+semilla+del+diablo
84	La nueva isla del tesoro	la-nueva-isla-del-tesoro	Osamu Tezuka	Aferrado a la nica pista de un mapa de la isla del tesoro, el joven Pete se embarca en una gran aventura... La histrica obra que marc un antes y un despus en el manga de la posguerra y que erigi a su autor a la categora de leyenda, por primera vez en Espaa 60 aos despus de su publicacin en Japn! 
85	El Jugador	el-jugador	Fedor Dostoievski	
86	Los testamentos traicionados	los-testamentos-traicionados	Miln Kundera	
87	Werther	werther	Goethe	
88	Prisionero del ms all	prisionero-del-mas-alla	Paul Feranka	https://books.google.com.ec/books/about/Prisionero_del_m%C3%A1s_all%C3%A1.html?id=PxhxAAAACAAJ&redir_esc=y
89	Tres cuentos	tres-cuentos	Gustave Flauvert	
90	Angeles y Demonios	angeles-y-demonios	Dan Brown	
91	Ms all del olvido	mas-alla-del-olvido	Patrick Modiano	
92	Annimo	anonimo	Cantar de Mio Cid	
93	La creacin de una nueva civilizacin	la-creacion-de-una-nueva-civilizacion	Alvin Toffler	
94	Antologa poemas	antologia-poemas	Jos Moreno Villa	
95	Brooklyn Folleis	brooklyn-folleis	Paul Auster	
96	La costa de los mosquitos	la-costa-de-los-mosquitos	Paul Thereoux	http://www.amazon.es/COSTA-LOS-MOSQUITOS-FORMATO-GRANDE/dp/8466320946/ref=sr_1_2?s=books&ie=UTF8&qid=1433535811&sr=1-2&keywords=la+costa+de+los+mosquitos
97	La Iliada	la-iliada	Homero	
98	Mi nombre es legin	mi-nombre-es-legion	Antonio Lobo Antunes	
99	Una cuestin personal	una-cuestion-personal	Ketzaburo O	
100	Chacal	chacal	Fredereick Forsyth	http://www.amazon.es/Chacal-Frederick-Forsyth-ebook/dp/B007FX9AE2/ref=sr_1_fkmr0_1?s=books&ie=UTF8&qid=1433535956&sr=1-1-fkmr0&keywords=Chacal+fredereik
101	El crecimiento de la mente	el-crecimiento-de-la-mente	Stanley Greenspan	
102	Agosto y fuga	agosto-y-fuga	Paloma Villegas	
103	Crtica de la filosofa del estado de Hegel	critica-de-la-filosofia-del-estado-de-hegel	Carlos Marx	
104	Noches de viernes	noches-de-viernes	Jordi Sierra	
105	Cumand	cumanda	Juan Len Mera	
106	El hombre que calculaba	el-hombre-que-calculaba	Annimo	
107	Dilogos	dialogos	Platn	
108	Del amor y otros demonios	del-amor-y-otros-demonios	Gabriel Garca Mrquez	http://www.amazon.es/Del-amor-y-otros-demonios-ebook/dp/B00SNOFV5Y/ref=sr_1_1?s=books&ie=UTF8&qid=1433541208&sr=1-1&keywords=Del+amor+y+otros+demonios+Gabriel+Garc%C3%ADa+M%C3%A1rquez
109	Ha llegado el guila	ha-llegado-el-aguila	Jack Higgins	http://www.amazon.es/Ha-Llegado-%C3%81guila-Jack-Higgings/dp/8494325809/ref=sr_1_1?s=books&ie=UTF8&qid=1433536302&sr=1-1&keywords=Ha+llegado+el+%C3%A1guila
110	Los excludos	los-excluidos	Elfriede Jelinek	
111	Conspiracin	conspiracion	Dan Brown	
112	En coma	en-coma	Robin Cook	http://www.amazon.es/Coma-Robin-Cook/dp/8478881492/ref=sr_1_1?s=books&ie=UTF8&qid=1433530400&sr=1-1&keywords=En+coma+Robin+Cook
113	Crnica de una muerte anunciada	cronica-de-una-muerte-anunciada	Gabriel Garca Mrquez	
114	Despus del terremoto	despues-del-terremoto	Haruki Murakami	
115	El extranjero	el-extranjero	Albert Camus	
116	La vorgine	la-voragine	Jos Eustasio Rivera	
117	Nosotras que nos queremos tanto	nosotras-que-nos-queremos-tanto	Marcela Serrano	
118	Claudio el dios y su esposa Mesalina	claudio-el-dios-y-su-esposa-mesalina	Robert Graves	http://www.amazon.es/Claudio-Dios-Mesalina-Robert-Graves/dp/9509009148/ref=sr_1_3?s=books&ie=UTF8&qid=1433534776&sr=1-3&keywords=Claudio+el+dios+y+su+esposa+Mesalina
119	Diez Grandes Poetas Cuba-Ecuador	diez-grandes-poetas-cuba-ecuador	Victor Causaus/ Jorge Enrique Adoum	
120	Sorgo Rojo	sorgo-rojo	Moyan	
121	La Zona muerta	la-zona-muerta	Stephen King	http://www.amazon.es/zona-muerta-Stephen-King-ebook/dp/B00HUDZ1BS/ref=sr_1_1?s=books&ie=UTF8&qid=1433537426&sr=1-1&keywords=La+Zona+muerta+Stephen+King
122	Soy un comunista hormonal	soy-un-comunista-hormonal	Jos Saramago	
123	El zorro	el-zorro	Isabel Allende	
124	La cndida Herendida y su abuela desalmada	la-candida-herendida-y-su-abuela-desalmada	Gabriel Garca Mrquez	http://www.amazon.es/incre%C3%ADble-historia-Er%C3%A9ndira-desalmada-CONTEMPORANEA/dp/8497592360/ref=sr_1_fkmr0_2?s=books&ie=UTF8&qid=1433540841&sr=1-2-fkmr0&keywords=La+c%C3%A1ndida+Herendida+y+su+abuela+desalmada+Gabriel+Garc%C3%ADa+M%C3%A1rquez
125	Se acab el pastel	se-acabo-el-pastel	Nora Ephron	http://www.amazon.es/SE-ACABO-EL-PASTEL/dp/B008G1EM7W/ref=sr_1_fkmr0_2?s=books&ie=UTF8&qid=1433537965&sr=1-2-fkmr0&keywords=Se+acab%C3%B3+el+pastel+Nora+Ephron
126	El Kybalion	el-kybalion	Annimo	
127	El espritu de la naturaleza	el-espiritu-de-la-naturaleza	W. Emerson	
128	Caballo de Troya III	caballo-de-troya-iii	J.J. Benitez	
129	Las puertas del paraso	las-puertas-del-paraiso	Yiyun li	
130	Piraas	piranas	Harold Robbins	http://www.amazon.es/Pira%C3%B1as-San-Francisco-Symphony-Sto/dp/8408014994/ref=sr_1_2?s=books&ie=UTF8&qid=1433530656&sr=1-2&keywords=Pira%C3%B1as+Harold
131	la mujer del teneite frances	la-mujer-del-teneite-frances	John Fowles	http://www.casadellibro.com/libro-la-mujer-del-teniente-frances/9788433906687/447072
132	El da del escorpin	el-dia-del-escorpion	Paul Scott	http://www.amazon.es/dia-del-escorpion-Paul-Scott/dp/8432240052/ref=sr_1_1?s=books&ie=UTF8&qid=1433531539&sr=1-1&keywords=Paul+Scott+escorpi%C3%B3n
133	El hombre duplicado	el-hombre-duplicado	Jos Saramago	
134	Sicario	sicario	Alberto Vasquez Figueroa	http://www.amazon.es/Sicario-Alberto-Vazquez-Figueroa/dp/8401323789/ref=sr_1_sc_2?s=books&ie=UTF8&qid=1433540771&sr=1-2-spell&keywords=Sicario+Alberto+Vasquez+Figueroa
135	Un hombre ridculo	un-hombre-ridiculo	Fedor Dostoievski	
136	El incendio de Alejandra	el-incendio-de-alejandria	Jean Pierre Luminet	
137	El astillero	el-astillero	Juan Carlos Onetti	
138	Los nombre del padre	los-nombre-del-padre	Jacques Lacan	
139	Cuaderno de Maya	cuaderno-de-maya	Isabel Allende	
140	El sol desnudo	el-sol-desnudo	Isaak Assimov	
141	La inmortalidad	la-inmortalidad	Miln Kundera	
142	Gestapo	gestapo	Sven Hassel	
143	Romancero Gitano. Yerma	romancero-gitano-yerma	Garca Lorca	
144	El beneficio es lo que cuenta	el-beneficio-es-lo-que-cuenta	Noam Chomsky	http://www.casadellibro.com/libro-el-beneficio-es-lo-que-cuenta-neoliberalismo-y-orden-global/9788484321590/748312\r\n
145	El Banquete y Fedro	el-banquete-y-fedro	Platn	
146	Infancia	infancia	J. M. Coetzee	
147	El Color Prpura	el-color-purpura	Alice Walker	http://www.amazon.es/El-color-purpura-Alice-Walker/dp/8447307344
148	El peso de la prueba	el-peso-de-la-prueba	Scott Turnow	http://www.amazon.es/El-peso-prueba-Scott-Turow/dp/842263662X/ref=sr_1_sc_1?s=books&ie=UTF8&qid=1433536600&sr=1-1-spell&keywords=El+peso+de+la+prueba+Scott+Turnow
149	Presunto Inocente	presunto-inocente	Scott Turnow	http://www.amazon.es/Presunto-inocente-Scott-Turow-ebook/dp/B00FXVXY5O/ref=sr_1_2?s=books&ie=UTF8&qid=1433536270&sr=1-2&keywords=Presunto+inocente
150	7 ensayos filosficos sobre la ciencia moderna	7-ensayos-filosoficos-sobre-la-ciencia-moderna	Eli de Gortari	
151	Foe	foe	J. M. Coetzee	
152	Los cachorros	los-cachorros	Mario Vargas Llosa	
153	La guerra del fin del mundo	la-guerra-del-fin-del-mundo	Mario Vargas Llosa	
154	Los versos satnicos	los-versos-satanicos	Salman Rushdie	
155	La sabidura Hind	la-sabiduria-hindu	Sancharacharya	
156	Sindrome de Ulises	sindrome-de-ulises	Santiago Gamboa	
157	bano	ebano	Alberto Vasquez Figueroa	http://www.amazon.es/%C3%89bano-Alberto-V%C3%A1zquez-Figueroa-ebook/dp/B008OCZF8S/ref=sr_1_sc_1?s=books&ie=UTF8&qid=1433528183&sr=1-1-spell&keywords=ebano+Alberto+Vasquez+Figueroa
158	El libro de las ilusiones	el-libro-de-las-ilusiones	Paul Auster	
159	La civilizacin del espectculo	la-civilizacion-del-espectaculo	Mario Vargas Llosa	
160	La conjura de los necios	la-conjura-de-los-necios	Toole	
161	Sin tetas no hay paraso	sin-tetas-no-hay-paraiso	Gustavo Bolvar Moreno	
162	La isla del paraiso	la-isla-del-paraiso	Victoria Holt	http://www.amazon.es/isla-del-para%C3%ADso-Victoria-Holt-ebook/dp/B00HQLB7E4/ref=sr_1_1?s=books&ie=UTF8&qid=1433534715&sr=1-1&keywords=La+isla+del+paraiso
163	Nieve	nieve	Omar Pamuk	
164	Invisible	invisible	Paul Auster	
165	El Alquimista	el-alquimista	Paulo Coelho	
166	Las ilusiones de la modernidad	las-ilusiones-de-la-modernidad	Bolivar Echeverra	
167	Lo que Buda ense	lo-que-buda-enseno	Walpola Rahola	
168	Dos Crmenes	dos-crimenes	Jorge Ibarguengoitia	http://www.amazon.es/crimenes-NARRATIVAS-Jorge-Ibarg%C3%BCengoitia-Antillon/dp/8490060371/ref=sr_1_sc_1?s=books&ie=UTF8&qid=1433530746&sr=1-1-spell&keywords=Jorge+Ibarguengoitia+dos+crimines
169	La ridcula idea de no volver a verte	la-ridicula-idea-de-no-volver-a-verte	Rosa Montero	
170	La llamada de la selva	la-llamada-de-la-selva	Jack London	
171	El porvenir de mi pasado	el-porvenir-de-mi-pasado	Mario Benedetti	
172	Bola de Sebo	bola-de-sebo	Maupassant	
173	Divorcio en Buda	divorcio-en-buda	Sandor Marai	
174	Cuaderno de Lanzarote	cuaderno-de-lanzarote	Jos Saramago	
175	El coronel no tiene quien le escriba	el-coronel-no-tiene-quien-le-escriba	Gabriel Garca Mrquez	http://www.amazon.es/coronel-tiene-quien-escriba-CONTEMPORANEA/dp/8497592352/ref=sr_1_1?s=books&ie=UTF8&qid=1433540880&sr=1-1&keywords=El+coronel+no+tiene+quien+le+escriba
176	Zalacain el aventurero	zalacain-el-aventurero	Pio Baroja	
177	El caminante y su sombra	el-caminante-y-su-sombra	Nietzsche	
178	Vidas paralelas	vidas-paralelas	Plutarco	
179	Yo, Claudio	yo-claudio	Robert Graves	http://www.amazon.es/Claudio-edici%C3%B3n-especial-aniversario-Diamante/dp/843503481X/ref=sr_1_2?s=books&ie=UTF8&qid=1433537824&sr=1-2&keywords=Yo%2C+Claudio+Robert+Graves
180	Ensayo de la ceguera	ensayo-de-la-ceguera	Jos Saramago	
181	Un Yanqui en la corte del rey arturo	un-yanqui-en-la-corte-del-rey-arturo	Mark Twain	
182	Terapia iniciatica	terapia-iniciatica	Vera de Kohn	
183	La aventura de Mighel Littin	la-aventura-de-mighel-littin	Gabriel Garca Mrquez	http://www.amazon.es/aventura-Miguel-Litt%C3%ADn-clandestino-CONTEMPORANEA/dp/8497592409/ref=sr_1_sc_1?s=books&ie=UTF8&qid=1433540962&sr=1-1-spell&keywords=La+aventura+de+Mighel+Littin
184	Don Quijote	don-quijote	Cervantes	
185	El cementerio de Praga	el-cementerio-de-praga	Umberto Eco	
186	Paradiso	paradiso	Jos Lezama Lima	
187	La joya de la corona	la-joya-de-la-corona	Paul Scott	http://www.amazon.es/Joya-Corona-Scott-Paul/dp/848725487X/ref=sr_1_4?s=books&ie=UTF8&qid=1433536478&sr=1-4&keywords=La+joya+de+la+corona
188	La Caverna	la-caverna	Jos Saramago	
189	El proceso	el-proceso	Kafka	
190	El guardian entre el centeno	el-guardian-entre-el-centeno	Salinger	
191	Permiso para vivir	permiso-para-vivir	Alfredo Bryce Echenique	
192	Mi vida junto a Pablo Neruda	mi-vida-junto-a-pablo-neruda	Matilde Urrutia	
193	El club Dumas	el-club-dumas	Arturo Prez Reverte	
194	Cuando ya no importe	cuando-ya-no-importe	Juan Carlos Onetti	
195	Utopa	utopia	Thomas Moore	
196	Popol Vuh	popol-vuh	Annimo	
197	El caso Bourne	el-caso-bourne	Robert Ludlum	http://www.amazon.es/El-caso-bourne-Robert-Ludlum/dp/8401499267/ref=sr_1_2?s=books&ie=UTF8&qid=1433536656&sr=1-2&keywords=El+caso+Bourne
198	Historia de la trata de negros	historia-de-la-trata-de-negros	Mannix & Cowley	
199	Recuerdos de provincia	recuerdos-de-provincia	Domingo Sarmiento	
200	El Horizonte	el-horizonte	Patrick Modiano	
201	El pintor de batallas	el-pintor-de-batallas	Arturo Prez Reverte	
202	Use su cabeza para variar	use-su-cabeza-para-variar	Richard Bandler	Sub. Modalidades en programacin Neurolinguistica
203	A paso de cangrejo	a-paso-de-cangrejo	Umberto Eco	
204	La piel de tambor	la-piel-de-tambor	Arturo Prez Reverte	
205	Poesia Popular Andina	poesia-popular-andina	Venezuela-Colombia-Panama	
206	La imperfecta casada	la-imperfecta-casada	Somerset Margham	
207	Los jefes	los-jefes	Mario Vargas Llosa	
208	Paula	paula	Isabel Allende	
209	La soledad de los nmeros primos	la-soledad-de-los-numeros-primos	Paolo Giordano	
210	Casas muertas	casas-muertas	Miguel Otero Silva	
211	Tratado de las pasiones del alma	tratado-de-las-pasiones-del-alma	Antonio Lobo Antunes	
212	Historia de la ciudad prohibida	historia-de-la-ciudad-prohibida	Huilo Ruales	
213	Hucklebrry Finn	hucklebrry-finn	Mark Twain	
214	El maestro de esgrima	el-maestro-de-esgrima	Arturo Prez Reverte	
215	2666	2666	Roberto Bolao	
216	Robinson Crusoe	robinson-crusoe	Daniel Defoe	
217	Captulos que se le olvidaron a Cervantes	capitulos-que-se-le-olvidaron-a-cervantes	Juan Montalvo	
218	El Reino del dragn de oro	el-reino-del-dragon-de-oro	Isabel Allende	
219	El albergue de las mujeres tristes	el-albergue-de-las-mujeres-tristes	Marcela Serrano	
220	El universo	el-universo	Isaac Asimov	
221	El Arte de Amar	el-arte-de-amar	Erich Fromm	
222	El descenso de Xanad	el-descenso-de-xanadu	Harold Robbins	http://www.amazon.es/Descenso-xanadu-el-Harold-Robbins/dp/8432082589/ref=sr_1_1?s=books&ie=UTF8&qid=1433529991&sr=1-1&keywords=El+descenso+de+Xanad%C3%BA
223	Eugenia Grandet	eugenia-grandet	Balzac	
224	Races	raices	Alex Haley	http://www.amazon.es/RAICES-Alex-Haley/dp/B00DRMO6QM/ref=sr_1_1?s=books&ie=UTF8&qid=1433531330&sr=1-1&keywords=Ra%C3%ADces+Alex
225	El cuaderno Dorado	el-cuaderno-dorado	Doris Lessing	
226	Los rboles mueren de pie	los-arboles-mueren-de-pie	Alejandro Cassona	
227	Ulises	ulises	James Joyce	
228	Azul	azul	Rubn Daro	
229	Dilogos Borges-Sabato	dialogos-borges-sabato	Annimo	
230	Alves	alves	Eca de Queros	
231	Un viejo que lea historias de amor	un-viejo-que-leia-historias-de-amor	Luis Seplverda	
232	Miau	miau	Benito Prez Galdos	
233	Maintainable Javascript	maintainable-javascript	Nicholas Zakas	http://www.amazon.com/Maintainable-JavaScript-Nicholas-C-Zakas/dp/1449327680
234	La Madriguera	la-madriguera	Abdn Ubidia	
235	Para que no me olvides	para-que-no-me-olvides	Marcela Serrano	
236	Koko	koko	Peter Stramb	http://www.amazon.es/KOKO-Peter-Straub/dp/B001PKMBQK/ref=sr_1_fkmr0_1?s=books&ie=UTF8&qid=1433537362&sr=1-1-fkmr0&keywords=Koko+Peter+Stramb
237	El maestro interior	el-maestro-interior	Karlfried Durckheim	
238	Carta de un padre desorientado	carta-de-un-padre-desorientado	Dr. Hctor Orrego	
239	Baudolino	baudolino	Umberto Eco	
240	La vista desde Castle Rock	la-vista-desde-castle-rock	Alice Munro	
241	Seleccin de cuentos	seleccion-de-cuentos	Arlt. Cortazar, Quiroga, Rulfo, otros	
242	El prisionero del cielo	el-prisionero-del-cielo	Carlos Ruiz Zafn	
243	El faro del fin del mundo	el-faro-del-fin-del-mundo	Julio Verne	
244	Laberinto	laberinto	Larry Collins	http://www.amazon.es/LABERINTO-Larry-Collins/dp/B00AU6WZ5C/ref=sr_1_1?s=books&ie=UTF8&qid=1433537491&sr=1-1&keywords=Laberinto+Larry+collins
245	El pndulo de Faucault	el-pendulo-de-faucault	Umberto Eco	
246	Secreto a voces	secreto-a-voces	Alice Munro	
247	La insoportable levedad del ser	la-insoportable-levedad-del-ser	Miln Kundera	
248	Siddhartha	siddhartha	Herman Hesse	
249	Alguien volo sobre el nido del cuco	alguien-volo-sobre-el-nido-del-cuco	Ken Kesey	http://www.amazon.es/Alguien-Vol%C3%B3-Sobre-Nido-Cuco/dp/849346743X/ref=sr_1_2?s=books&ie=UTF8&qid=1433528986&sr=1-2&keywords=alguien+volo+sobre+el+nido+del+cuco
250	El valle de los leones	el-valle-de-los-leones	Ken Follet	http://www.amazon.es/valle-los-leones-Ken-Follett-ebook/dp/B00GVBUJ6W/ref=sr_1_1?s=books&ie=UTF8&qid=1433530251&sr=1-1&keywords=el+valle+de+los+leones
251	La amigdalitis de Tarzn	la-amigdalitis-de-tarzan	Alfredo Bryce Echenique	
252	lbum de familia	album-de-familia	Danielle Steel	http://www.lecturalia.com/libro/5672/album-de-familia
253	Historia del cerco de Lisboa	historia-del-cerco-de-lisboa	Jos Saramago	
254	La infancia de Jess	la-infancia-de-jesus	J. M. Coetzee	
255	El plan infinito	el-plan-infinito	Isabel Allende	
256	El pjaro espino	el-pajaro-espino	Collen Mc. Cullough	http://www.amazon.es/El-Pajaro-Espino-Collen-McCullough/dp/B00FE05U7Y/ref=sr_1_sc_1?s=books&ie=UTF8&qid=1433537216&sr=1-1-spell&keywords=El+p%C3%A1jaro+espino+Collen+Mc.+Cullough
257	Sor Juana de la Cruz o las trampas de la fe	sor-juana-de-la-cruz-o-las-trampas-de-la-fe	Octavio Paz	
258	El maestro de Petersburgo	el-maestro-de-petersburgo	J. M. Coetzee	
259	Cinturn de Fuego 	cinturon-de-fuego	Juan Manuel Rodriguez	http://www.literaturas.com/v010/sec0611/libros_resenas/resena-06.html
260	Patagona express	patagona-express	Luis Seplverda	
261	El ltimo suspiro del moro	el-ultimo-suspiro-del-moro	Salman Rushdie	
262	Chaman	chaman	Noah Gordon	http://www.amazon.es/Cham%C3%A1n-Trilog%C3%ADa-Rob-J-Cole-ebook/dp/B005VOOR54/ref=sr_1_1?s=books&ie=UTF8&qid=1433537538&sr=1-1&keywords=Chaman+Noah+Gordon
263	Resurreccin	resurreccion	Tolstoi	
264	El Cdigo Da Vinci	el-codigo-da-vinci	Dan Brown	
265	Quito: Tradiciones, leyendas y memorias	quito-tradiciones-leyendas-y-memorias	Edgar Freire Rubio	
266	Narraciones extraordinarias	narraciones-extraordinarias	Edgar Allan Poe	
267	El sendero	el-sendero	Krishnamurti	
268	Las Venas Abiertas de Amrica Latina	las-venas-abiertas-de-america-latina	Eduardo Galeano	El libro esta un poco viejo pero tiene todas las pginas
269	Un mundo para Julius	un-mundo-para-julius	Alfredo Bryce Echenique	
270	La familia de Pascual Duarte	la-familia-de-pascual-duarte	Camilo Jos Cela	
271	La novia de Lammermoor	la-novia-de-lammermoor	Walter Scott	
272	Las torres del silencio	las-torres-del-silencio	Paul Scott	http://www.casadellibro.com/libro-la-torres-del-silencio/9788487254994/788633
273	Antologa poesa	antologia-poesia	Quevedo	
274	Memorias de una Geisha	memorias-de-una-geisha	Arthur Golden	
275	Seda	seda	Alessandro Baricco	
276	Juventud	juventud	J. M. Coetzee	
277	Cancin de navidad	cancion-de-navidad	Dickens	
278	La hija del capitn	la-hija-del-capitan	Pushkin	
279	El Vidente	el-vidente	Paul Feranka	https://books.google.com.ec/books/about/El_Vidente.html?id=NJupAAAACAAJ&redir_esc=y
280	Las sandalias del pescador	las-sandalias-del-pescador	Morris West	
281	El pas de las ltimas cosas	el-pais-de-las-ultimas-cosas	Paul Auster	
282	Esperando a los brbaros	esperando-a-los-barbaros	J. M. Coetzee	
283	El bosque de los pigmeos	el-bosque-de-los-pigmeos	Isabel Allende	
284	Scarlet	scarlet	Alexandra Ripley	http://www.amazon.es/Scarlet-Alexandra-Ripley/dp/B000QYRFN0/ref=sr_1_fkmr0_1?s=books&ie=UTF8&qid=1433535431&sr=1-1-fkmr0&keywords=Scarlet+II+alexandra+ripley
285	Tuareg	tuareg	Alberto Vasquez Figueroa	http://www.amazon.es/TUAREG-Alberto-VAZQUEZ-FIGUEROA/dp/B001GQSYKK/ref=sr_1_sc_2?s=books&ie=UTF8&qid=1433537006&sr=1-2-spell&keywords=Tuareg+Alberto+Vasquez+Figueroa
286	En medio de ninguna parte	en-medio-de-ninguna-parte	J. M. Coetzee	
287	El castillo blanco	el-castillo-blanco	Omar Pamuk	
288	El prncipe de los caimanes	el-principe-de-los-caimanes	Santiago Roncagliolo	
289	El ltimo cuaderno	el-ultimo-cuaderno	Jos Saramago	
290	Paraiso en la otra esquina	paraiso-en-la-otra-esquina	Mario Vargas Llosa	
291	El oro del Rey	el-oro-del-rey	Arturo Prez Reverte	
292	Anarchy Unbound	anarchy-unbound	Peter T.Leeson	En Ingls, "Why Self-Governance Works Better Than You Would Think"
293	Reo de nocturnidad	reo-de-nocturnidad	Alfredo Bryce Echenique	
294	El Informe Pelicano	el-informe-pelicano	John Grisham	http://www.amazon.es/El-informe-pel%C3%ADcano-John-Grisham-ebook/dp/B00JXTF15S/ref=sr_1_1?s=books&ie=UTF8&qid=1433530945&sr=1-1&keywords=El+informe+pelicano
295	Aos de perro	anos-de-perro	Gnter Grass	
296	La poltica	la-politica	Aristteles	
297	Caballo de Troya	caballo-de-troya	J.J. Benitez	http://www.amazon.es/Caballo-Troya-Jerusalen-Trojan-Horse/dp/6070709543/ref=sr_1_1?s=books&ie=UTF8&qid=1433537263&sr=1-1&keywords=Caballo+de+Troya+J.J.+Benitez
298	La casa de los espritus	la-casa-de-los-espiritus	Isabel Allende	
299	Erase Una Vez El Amor Pero Tuve Que Matarlo	erase-una-vez-el-amor-pero-tuve-que-matarlo	Efraim Medina	http://www.amazon.com/Erase-Amor-Matarlo-Spanish-Edition/dp/9584205196
300	100 aos de soledad	100-anos-de-soledad	Gabriel Garca Mrquez	http://www.amazon.es/Cien-soledad-Gabriel-Garc%C3%ADa-M%C3%A1rquez-ebook/dp/B007GZ0RC8/ref=sr_1_1?s=books&ie=UTF8&qid=1433541332&sr=1-1&keywords=100+a%C3%B1os+de+soledad
301	El baron rampante	el-baron-rampante	Italo Calvino	
302	El Vuelo de la Reina 	el-vuelo-de-la-reina	Toms Eloy Martnez	
303	Cinco horas con Mario	cinco-horas-con-mario	Miguel Delibes	
304	En esto creo	en-esto-creo	Carlos Fuentes	
305	Nonato	nonato	Carlos Fuentes	
306	El abuelo que salt por la ventana 	el-abuelo-que-salto-por-la-ventana	Jonas Jonasson	
307	El Hacedor	el-hacedor	Jorge Luis Borges	
308	Obras escogidas	obras-escogidas	Pablo Palacio	
309	Las pequeas memorias	las-pequenas-memorias	Jos Saramago	
310	La rabia y el orgullo	la-rabia-y-el-orgullo	Oriana Fallaci	
311	El Amante	el-amante	Marguerite Duras	
312	Urania	urania	Le Clezio	
313	El viaje del elefante	el-viaje-del-elefante	Jos Saramago	
314	La caverna	la-caverna	Jos Saramago	Una pequea alfarera, un centro comercial gigantesco. Un mundo en rpido proceso de extincin, otro que crece y se multiplica como un juego de espejos donde no parece haber lmites para la ilusin engaosa. La caverna habla de un modo de vivir que cada vez va siendo menos el nuestro.\r\n\r\nUna familia de alfareros comprende que ha dejado de serle necesaria al mundo. Como una serpiente que muda de piel para poder crecer en otra que ms adelante tambin se volver pequea, el centro comercial le dice a la alfarera: Muere, ya no necesito de ti, mientras coloca un gran cartel que afirma: Venderamos todo cuanto usted necesitara si no prefirisemos que usted necesitase lo que tenemos para venderle.\r\n\r\nEn esta novela Saramago deja escrita su visin del mundo actual, de la sociedad humana tal como la vivimos. En definitiva: no cambiaremos de vida si no cambiamos la vida.
315	La resistencia	la-resistencia	Sbato	
316	El sptimo secreto	el-septimo-secreto	Irving Wallace	http://www.amazon.es/El-s%C3%A9ptimo-secreto/dp/8422622424/ref=sr_1_3?s=books&ie=UTF8&qid=1433538016&sr=1-3&keywords=el+s%C3%A9ptimo+secreto
317	La Mascarada	la-mascarada	Alberto Moravia	
318	The Tjgers Wife	the-tjger-s-wife	Ta Obreht	
319	Papillon	papillon	Henri Charriere	http://www.amazon.es/Papillon-Charri%C3%A8re-Henri/dp/B003RGTZTQ/ref=sr_1_4?s=books&ie=UTF8&qid=1433537084&sr=1-4&keywords=Papillon+Henri+Charri%C3%A8re
320	Crimen y Castigo	crimen-y-castigo	Fedor Dostoievski	
321	Ben en el mundo	ben-en-el-mundo	Doris Lessing	
322	El Siciliano	el-siciliano	Mario Puzo	http://www.amazon.es/EL-SICILIANO-TRAMA-Mario-Puzo/dp/8466641939/ref=sr_1_1?s=books&ie=UTF8&qid=1433530162&sr=1-1&keywords=El+Siciliano
323	El arte de la novela	el-arte-de-la-novela	Miln Kundera	
324	Tia Tula	tia-tula	Unamuno	
325	El falso dios	el-falso-dios	Robin Cook	http://www.casadellibro.com/libro-falso-dios-el/9788477357315/468870
326	La evolucin de la filosofa griega	la-evolucion-de-la-filosofia-griega	H. Diehs	
327	Mi alma se la dejo al diablo	mi-alma-se-la-dejo-al-diablo	German Castro Caycedo	
328	Reflexiones sobre la verdad	reflexiones-sobre-la-verdad	Gandhi	
329	La ignorancia	la-ignorancia	Miln Kundera	
330	La historia de mi hijo	la-historia-de-mi-hijo	Nadine Gordimer	
331	El contrato social	el-contrato-social	Jean Jacques Rousseau	
332	El honor de un samurai	el-honor-de-un-samurai	Takasi Matsuoka	
333	La ciudad de las bestias	la-ciudad-de-las-bestias	Isabel Allende	
334	La Casa de Dostoievsky	la-casa-de-dostoievsky	Jorge Edwards	Premio Iberoamericano de Narrativa : Planeta - Casamrica 2008\r\n\r\n"La Casa de Dostoievsky es un texto generacional sobre quienes, desde el compromiso, evolucionaron y pagaron el precio de esta evolucin liberadora, siempre mal vista por lo pretendidos dueos del pensamiento polticamente correcto. Un homenaje a la poesa y a la creacin artstica."\r\n\r\nhttp://www.letraslibres.com/revista/libros/la-casa-de-dostoievsky-de-jorge-edwards
335	Lo que el viento se llev	lo-que-el-viento-se-llevo	Margaret Mitchell	http://www.amazon.es/Que-Viento-Llevo-GRANDES-NOVELAS/dp/846663665X/ref=sr_1_1?s=books&ie=UTF8&qid=1433536197&sr=1-1&keywords=Lo+que+el+viento+se+llev%C3%B3
336	La familia Prizzi	la-familia-prizzi	Ricardo Gondon	http://www.amazon.es/LA-FAMILIA-PRIZZI/dp/B007EVA5LW/ref=sr_1_2?s=books&ie=UTF8&qid=1433535258&sr=1-2&keywords=La+familia+Prizzi
337	Fausto	fausto	Goethe	
338	El Parque Gorki	el-parque-gorki	Martin Criz Smith	http://www.amazon.es/Parque-Gorki-BOOKS-Martin-Smith-ebook/dp/B006GRD21K/ref=sr_1_1?s=books&ie=UTF8&qid=1433531134&sr=1-1&keywords=El+Parque+Gorki
339	La despedida	la-despedida	Miln Kundera	
340	Transplante	transplante	Frank Slaughter	http://www.amazon.es/Trasplante-Frank-G-Slaughter/dp/8422629232
341	Tu rostro maana	tu-rostro-manana	Javier Maras	
342	El hroe discreto	el-heroe-discreto	Mario Vargas Llosa	
\.


--
-- Name: libros_libro_id_seq; Type: SEQUENCE SET; Schema: public; Owner: alejandro
--

SELECT pg_catalog.setval('libros_libro_id_seq', 342, true);


--
-- Data for Name: libros_librodisponiblegrupo; Type: TABLE DATA; Schema: public; Owner: alejandro
--

COPY libros_librodisponiblegrupo (id, activo, grupo_id, libro_disponible_id) FROM stdin;
\.


--
-- Name: libros_librodisponiblegrupo_id_seq; Type: SEQUENCE SET; Schema: public; Owner: alejandro
--

SELECT pg_catalog.setval('libros_librodisponiblegrupo_id_seq', 1, false);


--
-- Data for Name: libros_librosbibliotecacompartida; Type: TABLE DATA; Schema: public; Owner: alejandro
--

COPY libros_librosbibliotecacompartida (id, disponible, prestado, eliminado, biblioteca_compartida_id, libro_id) FROM stdin;
1	t	f	f	1	1
2	t	f	f	1	2
3	t	f	f	1	3
4	t	f	f	1	5
5	t	f	f	1	6
6	t	f	f	1	8
7	t	f	f	1	9
8	t	f	f	1	11
9	t	f	f	1	12
10	t	f	f	1	13
11	t	f	f	1	14
12	t	f	f	1	15
13	t	f	f	1	16
14	t	f	f	1	17
15	t	f	f	1	18
16	t	f	f	1	19
17	t	f	f	1	20
18	t	f	f	1	21
19	t	f	f	1	22
20	t	f	f	1	23
21	t	f	f	1	25
22	t	f	f	1	26
23	t	f	f	1	28
24	t	f	f	1	29
25	t	f	f	1	30
26	t	f	f	1	31
27	t	f	f	1	32
28	t	f	f	1	33
29	t	f	f	1	34
30	t	f	f	1	35
31	t	f	f	1	36
32	t	f	f	1	37
33	t	f	f	1	38
34	t	f	f	1	39
35	t	f	f	1	40
36	t	f	f	1	41
37	t	f	f	1	42
38	t	f	f	1	43
39	t	f	f	1	45
40	t	f	f	1	46
41	t	f	f	1	47
42	t	f	f	1	48
43	t	f	f	1	49
44	t	f	f	1	50
45	t	f	f	1	51
46	t	f	f	1	52
47	t	f	f	1	53
48	t	f	f	1	54
49	t	f	f	1	55
50	t	f	f	1	56
51	t	f	f	1	57
52	t	f	f	1	58
53	t	f	f	1	59
54	t	f	f	1	60
55	t	f	f	1	61
56	t	f	f	1	62
57	t	f	f	1	63
58	t	f	f	1	64
59	t	f	f	1	65
60	t	f	f	1	66
61	t	f	f	1	67
62	t	f	f	1	68
63	t	f	f	1	69
64	t	f	f	1	70
65	t	f	f	1	71
66	t	f	f	1	72
67	t	f	f	1	73
68	t	f	f	1	74
69	t	f	f	1	75
70	t	f	f	1	76
71	t	f	f	1	77
72	t	f	f	1	78
73	t	f	f	1	79
74	t	f	f	1	80
75	t	f	f	1	81
76	t	f	f	1	82
77	t	f	f	1	83
78	t	f	f	1	85
79	t	f	f	1	86
80	t	f	f	1	87
81	t	f	f	1	88
82	t	f	f	1	89
83	t	f	f	1	90
84	t	f	f	1	91
85	t	f	f	1	93
86	t	f	f	1	94
87	t	f	f	1	95
88	t	f	f	1	96
89	t	f	f	1	97
90	t	f	f	1	98
91	t	f	f	1	99
92	t	f	f	1	100
93	t	f	f	1	101
94	t	f	f	1	102
95	t	f	f	1	103
96	t	f	f	1	104
97	t	f	f	1	105
98	t	f	f	1	106
99	t	f	f	1	107
100	t	f	f	1	108
101	t	f	f	1	109
102	t	f	f	1	110
103	t	f	f	1	111
104	t	f	f	1	112
105	t	f	f	1	113
106	t	f	f	1	114
107	t	f	f	1	115
108	t	f	f	1	116
109	t	f	f	1	117
110	t	f	f	1	118
111	t	f	f	1	120
112	t	f	f	1	121
113	t	f	f	1	122
114	t	f	f	1	123
115	t	f	f	1	124
116	t	f	f	1	125
117	t	f	f	1	126
118	t	f	f	1	127
119	t	f	f	1	128
120	t	f	f	1	129
121	t	f	f	1	130
122	t	f	f	1	131
123	t	f	f	1	132
124	t	f	f	1	133
125	t	f	f	1	134
126	t	f	f	1	135
127	t	f	f	1	136
128	t	f	f	1	137
129	t	f	f	1	138
130	t	f	f	1	139
131	t	f	f	1	140
132	t	f	f	1	141
133	t	f	f	1	142
134	t	f	f	1	143
135	t	f	f	1	145
136	t	f	f	1	146
137	t	f	f	1	147
138	t	f	f	1	148
139	t	f	f	1	149
140	t	f	f	1	150
141	t	f	f	1	151
142	t	f	f	1	152
143	t	f	f	1	153
144	t	f	f	1	154
145	t	f	f	1	156
146	t	f	f	1	157
147	t	f	f	1	158
148	t	f	f	1	159
149	t	f	f	1	160
150	t	f	f	1	161
151	t	f	f	1	162
152	t	f	f	1	163
153	t	f	f	1	164
154	t	f	f	1	165
155	t	f	f	1	167
156	t	f	f	1	168
157	t	f	f	1	169
158	t	f	f	1	170
159	t	f	f	1	171
160	t	f	f	1	172
161	t	f	f	1	173
162	t	f	f	1	174
163	t	f	f	1	175
164	t	f	f	1	176
165	t	f	f	1	177
166	t	f	f	1	178
167	t	f	f	1	179
168	t	f	f	1	180
169	t	f	f	1	181
170	t	f	f	1	182
171	t	f	f	1	183
172	t	f	f	1	184
173	t	f	f	1	185
174	t	f	f	1	186
175	t	f	f	1	187
176	t	f	f	1	188
177	t	f	f	1	189
178	t	f	f	1	190
179	t	f	f	1	191
180	t	f	f	1	192
181	t	f	f	1	193
182	t	f	f	1	194
183	t	f	f	1	195
184	t	f	f	1	196
185	t	f	f	1	197
186	t	f	f	1	198
187	t	f	f	1	199
188	t	f	f	1	200
189	t	f	f	1	201
190	t	f	f	1	203
191	t	f	f	1	204
192	t	f	f	1	206
193	t	f	f	1	207
194	t	f	f	1	208
195	t	f	f	1	209
196	t	f	f	1	210
197	t	f	f	1	211
198	t	f	f	1	212
199	t	f	f	1	213
200	t	f	f	1	214
201	t	f	f	1	215
202	t	f	f	1	216
203	t	f	f	1	217
204	t	f	f	1	218
205	t	f	f	1	219
206	t	f	f	1	220
207	t	f	f	1	221
208	t	f	f	1	222
209	t	f	f	1	223
210	t	f	f	1	224
211	t	f	f	1	225
212	t	f	f	1	226
213	t	f	f	1	227
214	t	f	f	1	228
215	t	f	f	1	229
216	t	f	f	1	230
217	t	f	f	1	231
218	t	f	f	1	232
219	t	f	f	1	235
220	t	f	f	1	236
221	t	f	f	1	237
222	t	f	f	1	239
223	t	f	f	1	240
224	t	f	f	1	241
225	t	f	f	1	242
226	t	f	f	1	243
227	t	f	f	1	244
228	t	f	f	1	245
229	t	f	f	1	246
230	t	f	f	1	247
231	t	f	f	1	248
232	t	f	f	1	249
233	t	f	f	1	250
234	t	f	f	1	251
235	t	f	f	1	252
236	t	f	f	1	253
237	t	f	f	1	254
238	t	f	f	1	255
239	t	f	f	1	256
240	t	f	f	1	257
241	t	f	f	1	258
242	t	f	f	1	260
243	t	f	f	1	261
244	t	f	f	1	262
245	t	f	f	1	263
246	t	f	f	1	264
247	t	f	f	1	267
248	t	f	f	1	270
249	t	f	f	1	271
250	t	f	f	1	272
251	t	f	f	1	273
252	t	f	f	1	274
253	t	f	f	1	275
254	t	f	f	1	276
255	t	f	f	1	277
256	t	f	f	1	278
257	t	f	f	1	279
258	t	f	f	1	280
259	t	f	f	1	281
260	t	f	f	1	282
261	t	f	f	1	283
262	t	f	f	1	284
263	t	f	f	1	285
264	t	f	f	1	286
265	t	f	f	1	287
266	t	f	f	1	288
267	t	f	f	1	289
268	t	f	f	1	290
269	t	f	f	1	291
270	t	f	f	1	292
271	t	f	f	1	293
272	t	f	f	1	294
273	t	f	f	1	295
274	t	f	f	1	296
275	t	f	f	1	297
276	t	f	f	1	298
277	t	f	f	1	300
278	t	f	f	1	301
279	t	f	f	1	303
280	t	f	f	1	304
281	t	f	f	1	305
282	t	f	f	1	306
283	t	f	f	1	307
284	t	f	f	1	308
285	t	f	f	1	309
286	t	f	f	1	310
287	t	f	f	1	311
288	t	f	f	1	312
289	t	f	f	1	313
290	t	f	f	1	315
291	t	f	f	1	316
292	t	f	f	1	317
293	t	f	f	1	319
294	t	f	f	1	320
295	t	f	f	1	321
296	t	f	f	1	322
297	t	f	f	1	323
298	t	f	f	1	324
299	t	f	f	1	325
300	t	f	f	1	326
301	t	f	f	1	327
302	t	f	f	1	328
303	t	f	f	1	329
304	t	f	f	1	330
305	t	f	f	1	331
306	t	f	f	1	332
307	t	f	f	1	333
308	t	f	f	1	335
309	t	f	f	1	336
310	t	f	f	1	337
311	t	f	f	1	338
312	t	f	f	1	339
313	t	f	f	1	340
314	t	f	f	1	341
315	t	f	f	1	342
\.


--
-- Name: libros_librosbibliotecacompartida_id_seq; Type: SEQUENCE SET; Schema: public; Owner: alejandro
--

SELECT pg_catalog.setval('libros_librosbibliotecacompartida_id_seq', 315, true);


--
-- Data for Name: libros_librosdisponibles; Type: TABLE DATA; Schema: public; Owner: alejandro
--

COPY libros_librosdisponibles (id, disponible, abierto_comunidad, prestado, eliminado, ciudad_id, libro_id, perfil_id) FROM stdin;
1	t	t	f	f	18	4	62
2	t	t	f	f	18	7	15
3	t	t	f	f	18	10	15
4	t	t	f	f	18	24	26
5	t	t	f	f	18	27	19
6	t	t	f	f	18	44	20
7	t	t	f	f	18	84	19
8	t	t	f	f	18	92	52
9	t	t	f	f	18	119	15
10	t	t	f	f	18	144	19
11	t	t	f	f	18	155	19
12	t	t	f	f	18	166	19
13	t	t	f	f	18	202	15
14	t	t	f	f	18	205	15
15	t	t	f	f	18	233	65
16	t	t	f	f	18	234	15
17	t	t	f	f	18	238	15
18	t	t	f	f	18	259	26
19	t	t	f	f	18	265	15
20	t	t	f	f	18	266	15
21	t	t	f	f	18	268	15
22	t	t	f	f	18	269	28
23	t	t	f	f	18	299	54
24	t	t	f	f	18	302	15
25	t	t	f	f	18	318	15
26	t	t	f	f	18	334	26
\.


--
-- Name: libros_librosdisponibles_id_seq; Type: SEQUENCE SET; Schema: public; Owner: alejandro
--

SELECT pg_catalog.setval('libros_librosdisponibles_id_seq', 26, true);


--
-- Data for Name: libros_librosleidos; Type: TABLE DATA; Schema: public; Owner: alejandro
--

COPY libros_librosleidos (id, fecha_lectura, eliminado, libro_id, perfil_id) FROM stdin;
\.


--
-- Name: libros_librosleidos_id_seq; Type: SEQUENCE SET; Schema: public; Owner: alejandro
--

SELECT pg_catalog.setval('libros_librosleidos_id_seq', 1, false);


--
-- Data for Name: libros_librosprestados; Type: TABLE DATA; Schema: public; Owner: alejandro
--

COPY libros_librosprestados (id, fecha_max_devolucion, fecha_prestamo, fecha_devolucion, mensaje_aceptacion, receptor_anuncio_devolucion, libro_id, perfil_dueno_id, perfil_receptor_id) FROM stdin;
\.


--
-- Name: libros_librosprestados_id_seq; Type: SEQUENCE SET; Schema: public; Owner: alejandro
--

SELECT pg_catalog.setval('libros_librosprestados_id_seq', 1, false);


--
-- Data for Name: libros_librosprestadosbibliotecacompartida; Type: TABLE DATA; Schema: public; Owner: alejandro
--

COPY libros_librosprestadosbibliotecacompartida (id, fecha_max_devolucion, fecha_prestamo, fecha_devolucion, receptor_anuncio_devolucion, biblioteca_compartida_id, libro_id, perfil_prestamo_id) FROM stdin;
\.


--
-- Name: libros_librosprestadosbibliotecacompartida_id_seq; Type: SEQUENCE SET; Schema: public; Owner: alejandro
--

SELECT pg_catalog.setval('libros_librosprestadosbibliotecacompartida_id_seq', 1, false);


--
-- Data for Name: libros_librosrequest; Type: TABLE DATA; Schema: public; Owner: alejandro
--

COPY libros_librosrequest (id, fecha_request, mensaje, telefono, email, aceptado, eliminado, grupo_id, libro_id, perfil_envio_id, perfil_recepcion_id) FROM stdin;
\.


--
-- Name: libros_librosrequest_id_seq; Type: SEQUENCE SET; Schema: public; Owner: alejandro
--

SELECT pg_catalog.setval('libros_librosrequest_id_seq', 1, false);


--
-- Data for Name: libros_librosrequestbibliotecacompartida; Type: TABLE DATA; Schema: public; Owner: alejandro
--

COPY libros_librosrequestbibliotecacompartida (id, fecha_request, aceptado, eliminado, retirado, libro_disponible_id, perfil_envio_id) FROM stdin;
\.


--
-- Name: libros_librosrequestbibliotecacompartida_id_seq; Type: SEQUENCE SET; Schema: public; Owner: alejandro
--

SELECT pg_catalog.setval('libros_librosrequestbibliotecacompartida_id_seq', 1, false);


--
-- Data for Name: notificaciones_notificacion; Type: TABLE DATA; Schema: public; Owner: alejandro
--

COPY notificaciones_notificacion (id, fecha, tipo, leida, biblioteca_compartida_id, grupo_id, libro_id, perfil_actor_id, perfil_target_id, segundo_libro_id) FROM stdin;
\.


--
-- Name: notificaciones_notificacion_id_seq; Type: SEQUENCE SET; Schema: public; Owner: alejandro
--

SELECT pg_catalog.setval('notificaciones_notificacion_id_seq', 1, false);


--
-- Data for Name: perfiles_perfil; Type: TABLE DATA; Schema: public; Owner: alejandro
--

COPY perfiles_perfil (id, imagen_perfil, descripcion, numero_telefono_contacto, ciudad_id, libros_propios_id, libros_recibidos_id, usuario_id) FROM stdin;
1	http://graph.facebook.com/10153192768876480/picture	Si compartiramos los libros abandonados en los estantes de nuestros estudios, todos pudiramos leer todos los libros. \r\n\r\nEs mucho mejor leer un libro de papel.	0998375445	18	\N	\N	1
2	https://lh4.googleusercontent.com/-HS4eBqrcRVA/AAAAAAAAAAI/AAAAAAAABh8/Z-aeNVxmQ2c/photo.jpg?sz=50			18	\N	\N	2
3	http://graph.facebook.com/1765567103669802/picture			18	\N	\N	3
4				\N	\N	\N	4
5	https://lh3.googleusercontent.com/-XdUIqdMkCWA/AAAAAAAAAAI/AAAAAAAAAAA/4252rscbv5M/photo.jpg?sz=50			18	\N	\N	5
6	http://graph.facebook.com/10153269080460560/picture			18	\N	\N	6
7	https://lh3.googleusercontent.com/-Gd6cMGdOkrM/AAAAAAAAAAI/AAAAAAAAAC4/zoKxM-juyjY/photo.jpg?sz=50			18	\N	\N	7
8	https://lh3.googleusercontent.com/-XdUIqdMkCWA/AAAAAAAAAAI/AAAAAAAAAAA/4252rscbv5M/photo.jpg?sz=50			18	\N	\N	8
9	http://graph.facebook.com/10155622785200644/picture			18	\N	\N	9
10	http://graph.facebook.com/10205438632537699/picture			18	\N	\N	10
11	http://graph.facebook.com/10100509865277938/picture			18	\N	\N	11
12	http://graph.facebook.com/119087368422865/picture			18	\N	\N	12
13	https://lh6.googleusercontent.com/-nrazjX4ijO8/AAAAAAAAAAI/AAAAAAAAAnk/XYJTrtGKW24/photo.jpg?sz=50			18	\N	\N	13
14	http://graph.facebook.com/10155617181045612/picture			18	\N	\N	14
15	http://graph.facebook.com/10152786362032245/picture	Tumbaco, Quito, Ecuador		18	\N	\N	15
16	https://lh4.googleusercontent.com/-1BiRxyYx7P8/AAAAAAAAAAI/AAAAAAAABJI/P8kzICP3IKA/photo.jpg?sz=50			18	\N	\N	16
17	https://lh5.googleusercontent.com/-IhVjh6AqYGs/AAAAAAAAAAI/AAAAAAAAAO8/zh4GQGv10RU/photo.jpg?sz=50			18	\N	\N	17
18	https://lh3.googleusercontent.com/-XdUIqdMkCWA/AAAAAAAAAAI/AAAAAAAAAAA/4252rscbv5M/photo.jpg?sz=50			18	\N	\N	18
19	https://lh5.googleusercontent.com/-lHGDY3G-it0/AAAAAAAAAAI/AAAAAAAAAL0/cQm7V_Uw8-c/photo.jpg?sz=50			18	\N	\N	19
20	http://graph.facebook.com/10153334991129799/picture	Las cosas existen para satisfacer necesidades, si no cumplen su funcin se convierten en adornos del ego. Un libro en un estante es un libro muerto, trozos de papel que no importa si tienen contenido dentro con una caratula puramente decorativa.	0994540917	18	\N	\N	20
21	http://graph.facebook.com/10206190733660781/picture			18	\N	\N	21
22	http://graph.facebook.com/10153203006597819/picture			18	\N	\N	22
23				\N	\N	\N	23
24	http://graph.facebook.com/10205587536506143/picture			18	\N	\N	24
25	https://lh4.googleusercontent.com/-U14JpyZg96E/AAAAAAAAAAI/AAAAAAAAAv0/TAsn18af8mQ/photo.jpg?sz=50			18	\N	\N	25
26	https://lh6.googleusercontent.com/-6ZKp9V3FI1A/AAAAAAAAAAI/AAAAAAAAANw/dJBoqRlawDc/photo.jpg?sz=50			18	\N	\N	26
27	https://lh5.googleusercontent.com/-mdrBV9st_a8/AAAAAAAAAAI/AAAAAAAAAEI/D-Q2ONfK1qo/photo.jpg?sz=50			18	\N	\N	27
28	http://graph.facebook.com/10153541381495757/picture			18	\N	\N	28
29	http://graph.facebook.com/10155678585610125/picture			18	\N	\N	29
30	http://graph.facebook.com/953602028046576/picture			18	\N	\N	30
31	http://graph.facebook.com/10154100278229041/picture			18	\N	\N	31
32	http://graph.facebook.com/10152990055466453/picture			18	\N	\N	32
33	https://upload.wikimedia.org/wikipedia/en/3/32/Cc1962.JPG		0998375445	18	\N	\N	33
34	http://graph.facebook.com/10205721454409274/picture			18	\N	\N	34
35	http://graph.facebook.com/10153017741282965/picture			18	\N	\N	35
36	http://graph.facebook.com/692766514186782/picture			18	\N	\N	36
37	http://graph.facebook.com/1598981293712996/picture			18	\N	\N	37
38	http://www.hollywoodreporter.com/sites/default/files/imagecache/675x380/2011/03/scarfacea_a_l.jpg		022374160	18	\N	\N	38
39	http://graph.facebook.com/1042317802454327/picture			18	\N	\N	39
40	http://graph.facebook.com/10205839165716542/picture			18	\N	\N	40
41	http://graph.facebook.com/942224405820441/picture			18	\N	\N	41
42	http://graph.facebook.com/1030329590325458/picture			18	\N	\N	42
43	http://graph.facebook.com/10153407425471083/picture			18	\N	\N	43
44	http://graph.facebook.com/10206815771700366/picture			18	\N	\N	44
45	https://lh5.googleusercontent.com/-HnqzjTYtDqk/AAAAAAAAAAI/AAAAAAAAAUc/41owQvbmIZg/photo.jpg?sz=50			18	\N	\N	45
46	http://graph.facebook.com/10153122804743282/picture			18	\N	\N	46
47	http://graph.facebook.com/1048912168452573/picture			18	\N	\N	47
48	http://graph.facebook.com/1868841516675355/picture			18	\N	\N	48
49	https://lh5.googleusercontent.com/-FKguyukeIY0/AAAAAAAAAAI/AAAAAAAAABM/KmTJGP3oLvw/photo.jpg?sz=50			18	\N	\N	49
50	http://graph.facebook.com/1132954383388285/picture			18	\N	\N	50
51	http://graph.facebook.com/10204895485766702/picture			18	\N	\N	51
52	http://graph.facebook.com/880027972087455/picture			18	\N	\N	52
53	http://graph.facebook.com/10153416951080630/picture			18	\N	\N	53
54	http://graph.facebook.com/1598484160417660/picture			18	\N	\N	54
55	https://lh6.googleusercontent.com/-NoB2PAJP-XA/AAAAAAAAAAI/AAAAAAAAGNk/6xASPsOuRms/photo.jpg?sz=50			18	\N	\N	55
56	http://graph.facebook.com/1043600925651539/picture			18	\N	\N	56
57	http://graph.facebook.com/483934595096951/picture			18	\N	\N	57
58	http://graph.facebook.com/1660220724222322/picture		0987737992	\N	\N	\N	58
59	http://graph.facebook.com/1613803888902647/picture			18	\N	\N	59
60	http://graph.facebook.com/976222735774315/picture			18	\N	\N	60
61	https://lh3.googleusercontent.com/-XdUIqdMkCWA/AAAAAAAAAAI/AAAAAAAAAAA/4252rscbv5M/photo.jpg?sz=50			18	\N	\N	61
62	http://graph.facebook.com/10153078926780286/picture		0993015224	\N	\N	\N	62
63	http://graph.facebook.com/1030013023698237/picture			18	\N	\N	63
64	http://graph.facebook.com/10153380157194807/picture			18	\N	\N	64
65	https://lh3.googleusercontent.com/-gfsnpEZjytk/AAAAAAAAAAI/AAAAAAAACqg/6tbjqoJlMvE/photo.jpg?sz=50			18	\N	\N	65
\.


--
-- Name: perfiles_perfil_id_seq; Type: SEQUENCE SET; Schema: public; Owner: alejandro
--

SELECT pg_catalog.setval('perfiles_perfil_id_seq', 65, true);


--
-- Data for Name: perfiles_usuarioleyendo; Type: TABLE DATA; Schema: public; Owner: alejandro
--

COPY perfiles_usuarioleyendo (id, inicio, termino, eliminado, libro_id, perfil_id) FROM stdin;
\.


--
-- Name: perfiles_usuarioleyendo_id_seq; Type: SEQUENCE SET; Schema: public; Owner: alejandro
--

SELECT pg_catalog.setval('perfiles_usuarioleyendo_id_seq', 1, false);


--
-- Data for Name: social_auth_association; Type: TABLE DATA; Schema: public; Owner: alejandro
--

COPY social_auth_association (id, server_url, handle, secret, issued, lifetime, assoc_type) FROM stdin;
\.


--
-- Name: social_auth_association_id_seq; Type: SEQUENCE SET; Schema: public; Owner: alejandro
--

SELECT pg_catalog.setval('social_auth_association_id_seq', 1, false);


--
-- Data for Name: social_auth_code; Type: TABLE DATA; Schema: public; Owner: alejandro
--

COPY social_auth_code (id, email, code, verified) FROM stdin;
\.


--
-- Name: social_auth_code_id_seq; Type: SEQUENCE SET; Schema: public; Owner: alejandro
--

SELECT pg_catalog.setval('social_auth_code_id_seq', 1, false);


--
-- Data for Name: social_auth_nonce; Type: TABLE DATA; Schema: public; Owner: alejandro
--

COPY social_auth_nonce (id, server_url, "timestamp", salt) FROM stdin;
\.


--
-- Name: social_auth_nonce_id_seq; Type: SEQUENCE SET; Schema: public; Owner: alejandro
--

SELECT pg_catalog.setval('social_auth_nonce_id_seq', 1, false);


--
-- Data for Name: social_auth_usersocialauth; Type: TABLE DATA; Schema: public; Owner: alejandro
--

COPY social_auth_usersocialauth (id, provider, uid, extra_data, user_id) FROM stdin;
\.


--
-- Name: social_auth_usersocialauth_id_seq; Type: SEQUENCE SET; Schema: public; Owner: alejandro
--

SELECT pg_catalog.setval('social_auth_usersocialauth_id_seq', 1, false);


--
-- Name: auth_group_name_key; Type: CONSTRAINT; Schema: public; Owner: alejandro; Tablespace: 
--

ALTER TABLE ONLY auth_group
    ADD CONSTRAINT auth_group_name_key UNIQUE (name);


--
-- Name: auth_group_permissions_group_id_permission_id_key; Type: CONSTRAINT; Schema: public; Owner: alejandro; Tablespace: 
--

ALTER TABLE ONLY auth_group_permissions
    ADD CONSTRAINT auth_group_permissions_group_id_permission_id_key UNIQUE (group_id, permission_id);


--
-- Name: auth_group_permissions_pkey; Type: CONSTRAINT; Schema: public; Owner: alejandro; Tablespace: 
--

ALTER TABLE ONLY auth_group_permissions
    ADD CONSTRAINT auth_group_permissions_pkey PRIMARY KEY (id);


--
-- Name: auth_group_pkey; Type: CONSTRAINT; Schema: public; Owner: alejandro; Tablespace: 
--

ALTER TABLE ONLY auth_group
    ADD CONSTRAINT auth_group_pkey PRIMARY KEY (id);


--
-- Name: auth_permission_content_type_id_codename_key; Type: CONSTRAINT; Schema: public; Owner: alejandro; Tablespace: 
--

ALTER TABLE ONLY auth_permission
    ADD CONSTRAINT auth_permission_content_type_id_codename_key UNIQUE (content_type_id, codename);


--
-- Name: auth_permission_pkey; Type: CONSTRAINT; Schema: public; Owner: alejandro; Tablespace: 
--

ALTER TABLE ONLY auth_permission
    ADD CONSTRAINT auth_permission_pkey PRIMARY KEY (id);


--
-- Name: auth_user_groups_pkey; Type: CONSTRAINT; Schema: public; Owner: alejandro; Tablespace: 
--

ALTER TABLE ONLY auth_user_groups
    ADD CONSTRAINT auth_user_groups_pkey PRIMARY KEY (id);


--
-- Name: auth_user_groups_user_id_group_id_key; Type: CONSTRAINT; Schema: public; Owner: alejandro; Tablespace: 
--

ALTER TABLE ONLY auth_user_groups
    ADD CONSTRAINT auth_user_groups_user_id_group_id_key UNIQUE (user_id, group_id);


--
-- Name: auth_user_pkey; Type: CONSTRAINT; Schema: public; Owner: alejandro; Tablespace: 
--

ALTER TABLE ONLY auth_user
    ADD CONSTRAINT auth_user_pkey PRIMARY KEY (id);


--
-- Name: auth_user_user_permissions_pkey; Type: CONSTRAINT; Schema: public; Owner: alejandro; Tablespace: 
--

ALTER TABLE ONLY auth_user_user_permissions
    ADD CONSTRAINT auth_user_user_permissions_pkey PRIMARY KEY (id);


--
-- Name: auth_user_user_permissions_user_id_permission_id_key; Type: CONSTRAINT; Schema: public; Owner: alejandro; Tablespace: 
--

ALTER TABLE ONLY auth_user_user_permissions
    ADD CONSTRAINT auth_user_user_permissions_user_id_permission_id_key UNIQUE (user_id, permission_id);


--
-- Name: auth_user_username_key; Type: CONSTRAINT; Schema: public; Owner: alejandro; Tablespace: 
--

ALTER TABLE ONLY auth_user
    ADD CONSTRAINT auth_user_username_key UNIQUE (username);


--
-- Name: cities_light_city_geoname_id_key; Type: CONSTRAINT; Schema: public; Owner: alejandro; Tablespace: 
--

ALTER TABLE ONLY cities_light_city
    ADD CONSTRAINT cities_light_city_geoname_id_key UNIQUE (geoname_id);


--
-- Name: cities_light_city_pkey; Type: CONSTRAINT; Schema: public; Owner: alejandro; Tablespace: 
--

ALTER TABLE ONLY cities_light_city
    ADD CONSTRAINT cities_light_city_pkey PRIMARY KEY (id);


--
-- Name: cities_light_city_region_id_name_key; Type: CONSTRAINT; Schema: public; Owner: alejandro; Tablespace: 
--

ALTER TABLE ONLY cities_light_city
    ADD CONSTRAINT cities_light_city_region_id_name_key UNIQUE (region_id, name);


--
-- Name: cities_light_city_region_id_slug_key; Type: CONSTRAINT; Schema: public; Owner: alejandro; Tablespace: 
--

ALTER TABLE ONLY cities_light_city
    ADD CONSTRAINT cities_light_city_region_id_slug_key UNIQUE (region_id, slug);


--
-- Name: cities_light_country_code2_key; Type: CONSTRAINT; Schema: public; Owner: alejandro; Tablespace: 
--

ALTER TABLE ONLY cities_light_country
    ADD CONSTRAINT cities_light_country_code2_key UNIQUE (code2);


--
-- Name: cities_light_country_code3_key; Type: CONSTRAINT; Schema: public; Owner: alejandro; Tablespace: 
--

ALTER TABLE ONLY cities_light_country
    ADD CONSTRAINT cities_light_country_code3_key UNIQUE (code3);


--
-- Name: cities_light_country_geoname_id_key; Type: CONSTRAINT; Schema: public; Owner: alejandro; Tablespace: 
--

ALTER TABLE ONLY cities_light_country
    ADD CONSTRAINT cities_light_country_geoname_id_key UNIQUE (geoname_id);


--
-- Name: cities_light_country_name_key; Type: CONSTRAINT; Schema: public; Owner: alejandro; Tablespace: 
--

ALTER TABLE ONLY cities_light_country
    ADD CONSTRAINT cities_light_country_name_key UNIQUE (name);


--
-- Name: cities_light_country_pkey; Type: CONSTRAINT; Schema: public; Owner: alejandro; Tablespace: 
--

ALTER TABLE ONLY cities_light_country
    ADD CONSTRAINT cities_light_country_pkey PRIMARY KEY (id);


--
-- Name: cities_light_region_country_id_name_key; Type: CONSTRAINT; Schema: public; Owner: alejandro; Tablespace: 
--

ALTER TABLE ONLY cities_light_region
    ADD CONSTRAINT cities_light_region_country_id_name_key UNIQUE (country_id, name);


--
-- Name: cities_light_region_country_id_slug_key; Type: CONSTRAINT; Schema: public; Owner: alejandro; Tablespace: 
--

ALTER TABLE ONLY cities_light_region
    ADD CONSTRAINT cities_light_region_country_id_slug_key UNIQUE (country_id, slug);


--
-- Name: cities_light_region_geoname_id_key; Type: CONSTRAINT; Schema: public; Owner: alejandro; Tablespace: 
--

ALTER TABLE ONLY cities_light_region
    ADD CONSTRAINT cities_light_region_geoname_id_key UNIQUE (geoname_id);


--
-- Name: cities_light_region_pkey; Type: CONSTRAINT; Schema: public; Owner: alejandro; Tablespace: 
--

ALTER TABLE ONLY cities_light_region
    ADD CONSTRAINT cities_light_region_pkey PRIMARY KEY (id);


--
-- Name: comentarios_commentbcompartida_pkey; Type: CONSTRAINT; Schema: public; Owner: alejandro; Tablespace: 
--

ALTER TABLE ONLY comentarios_commentbcompartida
    ADD CONSTRAINT comentarios_commentbcompartida_pkey PRIMARY KEY (id);


--
-- Name: comentarios_commentgrupo_pkey; Type: CONSTRAINT; Schema: public; Owner: alejandro; Tablespace: 
--

ALTER TABLE ONLY comentarios_commentgrupo
    ADD CONSTRAINT comentarios_commentgrupo_pkey PRIMARY KEY (id);


--
-- Name: comentarios_commentnotificacion_pkey; Type: CONSTRAINT; Schema: public; Owner: alejandro; Tablespace: 
--

ALTER TABLE ONLY comentarios_commentnotificacion
    ADD CONSTRAINT comentarios_commentnotificacion_pkey PRIMARY KEY (id);


--
-- Name: comentarios_commentperfil_pkey; Type: CONSTRAINT; Schema: public; Owner: alejandro; Tablespace: 
--

ALTER TABLE ONLY comentarios_commentperfil
    ADD CONSTRAINT comentarios_commentperfil_pkey PRIMARY KEY (id);


--
-- Name: comentarios_respuestacommentbcompartida_pkey; Type: CONSTRAINT; Schema: public; Owner: alejandro; Tablespace: 
--

ALTER TABLE ONLY comentarios_respuestacommentbcompartida
    ADD CONSTRAINT comentarios_respuestacommentbcompartida_pkey PRIMARY KEY (id);


--
-- Name: comentarios_respuestacommentgrupo_pkey; Type: CONSTRAINT; Schema: public; Owner: alejandro; Tablespace: 
--

ALTER TABLE ONLY comentarios_respuestacommentgrupo
    ADD CONSTRAINT comentarios_respuestacommentgrupo_pkey PRIMARY KEY (id);


--
-- Name: comentarios_respuestacommentperfil_pkey; Type: CONSTRAINT; Schema: public; Owner: alejandro; Tablespace: 
--

ALTER TABLE ONLY comentarios_respuestacommentperfil
    ADD CONSTRAINT comentarios_respuestacommentperfil_pkey PRIMARY KEY (id);


--
-- Name: django_admin_log_pkey; Type: CONSTRAINT; Schema: public; Owner: alejandro; Tablespace: 
--

ALTER TABLE ONLY django_admin_log
    ADD CONSTRAINT django_admin_log_pkey PRIMARY KEY (id);


--
-- Name: django_content_type_app_label_45f3b1d93ec8c61c_uniq; Type: CONSTRAINT; Schema: public; Owner: alejandro; Tablespace: 
--

ALTER TABLE ONLY django_content_type
    ADD CONSTRAINT django_content_type_app_label_45f3b1d93ec8c61c_uniq UNIQUE (app_label, model);


--
-- Name: django_content_type_pkey; Type: CONSTRAINT; Schema: public; Owner: alejandro; Tablespace: 
--

ALTER TABLE ONLY django_content_type
    ADD CONSTRAINT django_content_type_pkey PRIMARY KEY (id);


--
-- Name: django_migrations_pkey; Type: CONSTRAINT; Schema: public; Owner: alejandro; Tablespace: 
--

ALTER TABLE ONLY django_migrations
    ADD CONSTRAINT django_migrations_pkey PRIMARY KEY (id);


--
-- Name: django_session_pkey; Type: CONSTRAINT; Schema: public; Owner: alejandro; Tablespace: 
--

ALTER TABLE ONLY django_session
    ADD CONSTRAINT django_session_pkey PRIMARY KEY (session_key);


--
-- Name: grupos_grupo_nombre_key; Type: CONSTRAINT; Schema: public; Owner: alejandro; Tablespace: 
--

ALTER TABLE ONLY grupos_grupo
    ADD CONSTRAINT grupos_grupo_nombre_key UNIQUE (nombre);


--
-- Name: grupos_grupo_pkey; Type: CONSTRAINT; Schema: public; Owner: alejandro; Tablespace: 
--

ALTER TABLE ONLY grupos_grupo
    ADD CONSTRAINT grupos_grupo_pkey PRIMARY KEY (id);


--
-- Name: grupos_requestinvitacion_pkey; Type: CONSTRAINT; Schema: public; Owner: alejandro; Tablespace: 
--

ALTER TABLE ONLY grupos_requestinvitacion
    ADD CONSTRAINT grupos_requestinvitacion_pkey PRIMARY KEY (id);


--
-- Name: grupos_usuariosgrupo_pkey; Type: CONSTRAINT; Schema: public; Owner: alejandro; Tablespace: 
--

ALTER TABLE ONLY grupos_usuariosgrupo
    ADD CONSTRAINT grupos_usuariosgrupo_pkey PRIMARY KEY (id);


--
-- Name: libros_bibliotecacompartida_nombre_key; Type: CONSTRAINT; Schema: public; Owner: alejandro; Tablespace: 
--

ALTER TABLE ONLY libros_bibliotecacompartida
    ADD CONSTRAINT libros_bibliotecacompartida_nombre_key UNIQUE (nombre);


--
-- Name: libros_bibliotecacompartida_pkey; Type: CONSTRAINT; Schema: public; Owner: alejandro; Tablespace: 
--

ALTER TABLE ONLY libros_bibliotecacompartida
    ADD CONSTRAINT libros_bibliotecacompartida_pkey PRIMARY KEY (id);


--
-- Name: libros_libro_pkey; Type: CONSTRAINT; Schema: public; Owner: alejandro; Tablespace: 
--

ALTER TABLE ONLY libros_libro
    ADD CONSTRAINT libros_libro_pkey PRIMARY KEY (id);


--
-- Name: libros_librodisponiblegrupo_pkey; Type: CONSTRAINT; Schema: public; Owner: alejandro; Tablespace: 
--

ALTER TABLE ONLY libros_librodisponiblegrupo
    ADD CONSTRAINT libros_librodisponiblegrupo_pkey PRIMARY KEY (id);


--
-- Name: libros_librosbibliotecacompartida_pkey; Type: CONSTRAINT; Schema: public; Owner: alejandro; Tablespace: 
--

ALTER TABLE ONLY libros_librosbibliotecacompartida
    ADD CONSTRAINT libros_librosbibliotecacompartida_pkey PRIMARY KEY (id);


--
-- Name: libros_librosdisponibles_pkey; Type: CONSTRAINT; Schema: public; Owner: alejandro; Tablespace: 
--

ALTER TABLE ONLY libros_librosdisponibles
    ADD CONSTRAINT libros_librosdisponibles_pkey PRIMARY KEY (id);


--
-- Name: libros_librosleidos_pkey; Type: CONSTRAINT; Schema: public; Owner: alejandro; Tablespace: 
--

ALTER TABLE ONLY libros_librosleidos
    ADD CONSTRAINT libros_librosleidos_pkey PRIMARY KEY (id);


--
-- Name: libros_librosprestados_pkey; Type: CONSTRAINT; Schema: public; Owner: alejandro; Tablespace: 
--

ALTER TABLE ONLY libros_librosprestados
    ADD CONSTRAINT libros_librosprestados_pkey PRIMARY KEY (id);


--
-- Name: libros_librosprestadosbibliotecacompartida_pkey; Type: CONSTRAINT; Schema: public; Owner: alejandro; Tablespace: 
--

ALTER TABLE ONLY libros_librosprestadosbibliotecacompartida
    ADD CONSTRAINT libros_librosprestadosbibliotecacompartida_pkey PRIMARY KEY (id);


--
-- Name: libros_librosrequest_pkey; Type: CONSTRAINT; Schema: public; Owner: alejandro; Tablespace: 
--

ALTER TABLE ONLY libros_librosrequest
    ADD CONSTRAINT libros_librosrequest_pkey PRIMARY KEY (id);


--
-- Name: libros_librosrequestbibliotecacompartida_pkey; Type: CONSTRAINT; Schema: public; Owner: alejandro; Tablespace: 
--

ALTER TABLE ONLY libros_librosrequestbibliotecacompartida
    ADD CONSTRAINT libros_librosrequestbibliotecacompartida_pkey PRIMARY KEY (id);


--
-- Name: notificaciones_notificacion_pkey; Type: CONSTRAINT; Schema: public; Owner: alejandro; Tablespace: 
--

ALTER TABLE ONLY notificaciones_notificacion
    ADD CONSTRAINT notificaciones_notificacion_pkey PRIMARY KEY (id);


--
-- Name: perfiles_perfil_pkey; Type: CONSTRAINT; Schema: public; Owner: alejandro; Tablespace: 
--

ALTER TABLE ONLY perfiles_perfil
    ADD CONSTRAINT perfiles_perfil_pkey PRIMARY KEY (id);


--
-- Name: perfiles_perfil_usuario_id_key; Type: CONSTRAINT; Schema: public; Owner: alejandro; Tablespace: 
--

ALTER TABLE ONLY perfiles_perfil
    ADD CONSTRAINT perfiles_perfil_usuario_id_key UNIQUE (usuario_id);


--
-- Name: perfiles_usuarioleyendo_pkey; Type: CONSTRAINT; Schema: public; Owner: alejandro; Tablespace: 
--

ALTER TABLE ONLY perfiles_usuarioleyendo
    ADD CONSTRAINT perfiles_usuarioleyendo_pkey PRIMARY KEY (id);


--
-- Name: social_auth_association_pkey; Type: CONSTRAINT; Schema: public; Owner: alejandro; Tablespace: 
--

ALTER TABLE ONLY social_auth_association
    ADD CONSTRAINT social_auth_association_pkey PRIMARY KEY (id);


--
-- Name: social_auth_code_email_75f27066d057e3b6_uniq; Type: CONSTRAINT; Schema: public; Owner: alejandro; Tablespace: 
--

ALTER TABLE ONLY social_auth_code
    ADD CONSTRAINT social_auth_code_email_75f27066d057e3b6_uniq UNIQUE (email, code);


--
-- Name: social_auth_code_pkey; Type: CONSTRAINT; Schema: public; Owner: alejandro; Tablespace: 
--

ALTER TABLE ONLY social_auth_code
    ADD CONSTRAINT social_auth_code_pkey PRIMARY KEY (id);


--
-- Name: social_auth_nonce_pkey; Type: CONSTRAINT; Schema: public; Owner: alejandro; Tablespace: 
--

ALTER TABLE ONLY social_auth_nonce
    ADD CONSTRAINT social_auth_nonce_pkey PRIMARY KEY (id);


--
-- Name: social_auth_nonce_server_url_36601f978463b4_uniq; Type: CONSTRAINT; Schema: public; Owner: alejandro; Tablespace: 
--

ALTER TABLE ONLY social_auth_nonce
    ADD CONSTRAINT social_auth_nonce_server_url_36601f978463b4_uniq UNIQUE (server_url, "timestamp", salt);


--
-- Name: social_auth_usersocialauth_pkey; Type: CONSTRAINT; Schema: public; Owner: alejandro; Tablespace: 
--

ALTER TABLE ONLY social_auth_usersocialauth
    ADD CONSTRAINT social_auth_usersocialauth_pkey PRIMARY KEY (id);


--
-- Name: social_auth_usersocialauth_provider_2f763109e2c4a1fb_uniq; Type: CONSTRAINT; Schema: public; Owner: alejandro; Tablespace: 
--

ALTER TABLE ONLY social_auth_usersocialauth
    ADD CONSTRAINT social_auth_usersocialauth_provider_2f763109e2c4a1fb_uniq UNIQUE (provider, uid);


--
-- Name: auth_group_name_253ae2a6331666e8_like; Type: INDEX; Schema: public; Owner: alejandro; Tablespace: 
--

CREATE INDEX auth_group_name_253ae2a6331666e8_like ON auth_group USING btree (name varchar_pattern_ops);


--
-- Name: auth_group_permissions_0e939a4f; Type: INDEX; Schema: public; Owner: alejandro; Tablespace: 
--

CREATE INDEX auth_group_permissions_0e939a4f ON auth_group_permissions USING btree (group_id);


--
-- Name: auth_group_permissions_8373b171; Type: INDEX; Schema: public; Owner: alejandro; Tablespace: 
--

CREATE INDEX auth_group_permissions_8373b171 ON auth_group_permissions USING btree (permission_id);


--
-- Name: auth_permission_417f1b1c; Type: INDEX; Schema: public; Owner: alejandro; Tablespace: 
--

CREATE INDEX auth_permission_417f1b1c ON auth_permission USING btree (content_type_id);


--
-- Name: auth_user_groups_0e939a4f; Type: INDEX; Schema: public; Owner: alejandro; Tablespace: 
--

CREATE INDEX auth_user_groups_0e939a4f ON auth_user_groups USING btree (group_id);


--
-- Name: auth_user_groups_e8701ad4; Type: INDEX; Schema: public; Owner: alejandro; Tablespace: 
--

CREATE INDEX auth_user_groups_e8701ad4 ON auth_user_groups USING btree (user_id);


--
-- Name: auth_user_user_permissions_8373b171; Type: INDEX; Schema: public; Owner: alejandro; Tablespace: 
--

CREATE INDEX auth_user_user_permissions_8373b171 ON auth_user_user_permissions USING btree (permission_id);


--
-- Name: auth_user_user_permissions_e8701ad4; Type: INDEX; Schema: public; Owner: alejandro; Tablespace: 
--

CREATE INDEX auth_user_user_permissions_e8701ad4 ON auth_user_user_permissions USING btree (user_id);


--
-- Name: auth_user_username_51b3b110094b8aae_like; Type: INDEX; Schema: public; Owner: alejandro; Tablespace: 
--

CREATE INDEX auth_user_username_51b3b110094b8aae_like ON auth_user USING btree (username varchar_pattern_ops);


--
-- Name: cities_light_city_0f442f96; Type: INDEX; Schema: public; Owner: alejandro; Tablespace: 
--

CREATE INDEX cities_light_city_0f442f96 ON cities_light_city USING btree (region_id);


--
-- Name: cities_light_city_248081ec; Type: INDEX; Schema: public; Owner: alejandro; Tablespace: 
--

CREATE INDEX cities_light_city_248081ec ON cities_light_city USING btree (population);


--
-- Name: cities_light_city_2dbcba41; Type: INDEX; Schema: public; Owner: alejandro; Tablespace: 
--

CREATE INDEX cities_light_city_2dbcba41 ON cities_light_city USING btree (slug);


--
-- Name: cities_light_city_3f98884f; Type: INDEX; Schema: public; Owner: alejandro; Tablespace: 
--

CREATE INDEX cities_light_city_3f98884f ON cities_light_city USING btree (feature_code);


--
-- Name: cities_light_city_610a2ab0; Type: INDEX; Schema: public; Owner: alejandro; Tablespace: 
--

CREATE INDEX cities_light_city_610a2ab0 ON cities_light_city USING btree (search_names);


--
-- Name: cities_light_city_93bfec8a; Type: INDEX; Schema: public; Owner: alejandro; Tablespace: 
--

CREATE INDEX cities_light_city_93bfec8a ON cities_light_city USING btree (country_id);


--
-- Name: cities_light_city_b068931c; Type: INDEX; Schema: public; Owner: alejandro; Tablespace: 
--

CREATE INDEX cities_light_city_b068931c ON cities_light_city USING btree (name);


--
-- Name: cities_light_city_d7397f31; Type: INDEX; Schema: public; Owner: alejandro; Tablespace: 
--

CREATE INDEX cities_light_city_d7397f31 ON cities_light_city USING btree (name_ascii);


--
-- Name: cities_light_city_feature_code_7dc76fc5dce8924a_like; Type: INDEX; Schema: public; Owner: alejandro; Tablespace: 
--

CREATE INDEX cities_light_city_feature_code_7dc76fc5dce8924a_like ON cities_light_city USING btree (feature_code varchar_pattern_ops);


--
-- Name: cities_light_city_name_1256bbd11e6c68c9_like; Type: INDEX; Schema: public; Owner: alejandro; Tablespace: 
--

CREATE INDEX cities_light_city_name_1256bbd11e6c68c9_like ON cities_light_city USING btree (name varchar_pattern_ops);


--
-- Name: cities_light_city_name_ascii_5eb04dd089875f5f_like; Type: INDEX; Schema: public; Owner: alejandro; Tablespace: 
--

CREATE INDEX cities_light_city_name_ascii_5eb04dd089875f5f_like ON cities_light_city USING btree (name_ascii varchar_pattern_ops);


--
-- Name: cities_light_city_search_names_739448c32103d38f_like; Type: INDEX; Schema: public; Owner: alejandro; Tablespace: 
--

CREATE INDEX cities_light_city_search_names_739448c32103d38f_like ON cities_light_city USING btree (search_names text_pattern_ops);


--
-- Name: cities_light_city_slug_580c1f7e86c3aff_like; Type: INDEX; Schema: public; Owner: alejandro; Tablespace: 
--

CREATE INDEX cities_light_city_slug_580c1f7e86c3aff_like ON cities_light_city USING btree (slug varchar_pattern_ops);


--
-- Name: cities_light_country_0e20e84e; Type: INDEX; Schema: public; Owner: alejandro; Tablespace: 
--

CREATE INDEX cities_light_country_0e20e84e ON cities_light_country USING btree (continent);


--
-- Name: cities_light_country_2dbcba41; Type: INDEX; Schema: public; Owner: alejandro; Tablespace: 
--

CREATE INDEX cities_light_country_2dbcba41 ON cities_light_country USING btree (slug);


--
-- Name: cities_light_country_a311df50; Type: INDEX; Schema: public; Owner: alejandro; Tablespace: 
--

CREATE INDEX cities_light_country_a311df50 ON cities_light_country USING btree (tld);


--
-- Name: cities_light_country_code2_72bc911526508dda_like; Type: INDEX; Schema: public; Owner: alejandro; Tablespace: 
--

CREATE INDEX cities_light_country_code2_72bc911526508dda_like ON cities_light_country USING btree (code2 varchar_pattern_ops);


--
-- Name: cities_light_country_code3_72bc91152640093d_like; Type: INDEX; Schema: public; Owner: alejandro; Tablespace: 
--

CREATE INDEX cities_light_country_code3_72bc91152640093d_like ON cities_light_country USING btree (code3 varchar_pattern_ops);


--
-- Name: cities_light_country_continent_154b6df40c681_like; Type: INDEX; Schema: public; Owner: alejandro; Tablespace: 
--

CREATE INDEX cities_light_country_continent_154b6df40c681_like ON cities_light_country USING btree (continent varchar_pattern_ops);


--
-- Name: cities_light_country_d7397f31; Type: INDEX; Schema: public; Owner: alejandro; Tablespace: 
--

CREATE INDEX cities_light_country_d7397f31 ON cities_light_country USING btree (name_ascii);


--
-- Name: cities_light_country_name_53cedc5a15a9f4f7_like; Type: INDEX; Schema: public; Owner: alejandro; Tablespace: 
--

CREATE INDEX cities_light_country_name_53cedc5a15a9f4f7_like ON cities_light_country USING btree (name varchar_pattern_ops);


--
-- Name: cities_light_country_name_ascii_7f4f235726f5e61_like; Type: INDEX; Schema: public; Owner: alejandro; Tablespace: 
--

CREATE INDEX cities_light_country_name_ascii_7f4f235726f5e61_like ON cities_light_country USING btree (name_ascii varchar_pattern_ops);


--
-- Name: cities_light_country_slug_e437a1b14e10741_like; Type: INDEX; Schema: public; Owner: alejandro; Tablespace: 
--

CREATE INDEX cities_light_country_slug_e437a1b14e10741_like ON cities_light_country USING btree (slug varchar_pattern_ops);


--
-- Name: cities_light_country_tld_4d9e899d96de5481_like; Type: INDEX; Schema: public; Owner: alejandro; Tablespace: 
--

CREATE INDEX cities_light_country_tld_4d9e899d96de5481_like ON cities_light_country USING btree (tld varchar_pattern_ops);


--
-- Name: cities_light_region_2dbcba41; Type: INDEX; Schema: public; Owner: alejandro; Tablespace: 
--

CREATE INDEX cities_light_region_2dbcba41 ON cities_light_region USING btree (slug);


--
-- Name: cities_light_region_93bfec8a; Type: INDEX; Schema: public; Owner: alejandro; Tablespace: 
--

CREATE INDEX cities_light_region_93bfec8a ON cities_light_region USING btree (country_id);


--
-- Name: cities_light_region_b068931c; Type: INDEX; Schema: public; Owner: alejandro; Tablespace: 
--

CREATE INDEX cities_light_region_b068931c ON cities_light_region USING btree (name);


--
-- Name: cities_light_region_d7397f31; Type: INDEX; Schema: public; Owner: alejandro; Tablespace: 
--

CREATE INDEX cities_light_region_d7397f31 ON cities_light_region USING btree (name_ascii);


--
-- Name: cities_light_region_eb02a700; Type: INDEX; Schema: public; Owner: alejandro; Tablespace: 
--

CREATE INDEX cities_light_region_eb02a700 ON cities_light_region USING btree (geoname_code);


--
-- Name: cities_light_region_geoname_code_52d717be28e956eb_like; Type: INDEX; Schema: public; Owner: alejandro; Tablespace: 
--

CREATE INDEX cities_light_region_geoname_code_52d717be28e956eb_like ON cities_light_region USING btree (geoname_code varchar_pattern_ops);


--
-- Name: cities_light_region_name_53d197df2b5091a4_like; Type: INDEX; Schema: public; Owner: alejandro; Tablespace: 
--

CREATE INDEX cities_light_region_name_53d197df2b5091a4_like ON cities_light_region USING btree (name varchar_pattern_ops);


--
-- Name: cities_light_region_name_ascii_51b7be5ba936e89a_like; Type: INDEX; Schema: public; Owner: alejandro; Tablespace: 
--

CREATE INDEX cities_light_region_name_ascii_51b7be5ba936e89a_like ON cities_light_region USING btree (name_ascii varchar_pattern_ops);


--
-- Name: cities_light_region_slug_30f9c3df34d3ad6c_like; Type: INDEX; Schema: public; Owner: alejandro; Tablespace: 
--

CREATE INDEX cities_light_region_slug_30f9c3df34d3ad6c_like ON cities_light_region USING btree (slug varchar_pattern_ops);


--
-- Name: comentarios_commentbcompartida_3a523d78; Type: INDEX; Schema: public; Owner: alejandro; Tablespace: 
--

CREATE INDEX comentarios_commentbcompartida_3a523d78 ON comentarios_commentbcompartida USING btree (bcompartida_id);


--
-- Name: comentarios_commentbcompartida_3eae6d98; Type: INDEX; Schema: public; Owner: alejandro; Tablespace: 
--

CREATE INDEX comentarios_commentbcompartida_3eae6d98 ON comentarios_commentbcompartida USING btree (perfil_id);


--
-- Name: comentarios_commentgrupo_3eae6d98; Type: INDEX; Schema: public; Owner: alejandro; Tablespace: 
--

CREATE INDEX comentarios_commentgrupo_3eae6d98 ON comentarios_commentgrupo USING btree (perfil_id);


--
-- Name: comentarios_commentgrupo_acaeb2d6; Type: INDEX; Schema: public; Owner: alejandro; Tablespace: 
--

CREATE INDEX comentarios_commentgrupo_acaeb2d6 ON comentarios_commentgrupo USING btree (grupo_id);


--
-- Name: comentarios_commentnotificacion_3eae6d98; Type: INDEX; Schema: public; Owner: alejandro; Tablespace: 
--

CREATE INDEX comentarios_commentnotificacion_3eae6d98 ON comentarios_commentnotificacion USING btree (perfil_id);


--
-- Name: comentarios_commentnotificacion_cacaf040; Type: INDEX; Schema: public; Owner: alejandro; Tablespace: 
--

CREATE INDEX comentarios_commentnotificacion_cacaf040 ON comentarios_commentnotificacion USING btree (notificacion_id);


--
-- Name: comentarios_commentperfil_38ef5d34; Type: INDEX; Schema: public; Owner: alejandro; Tablespace: 
--

CREATE INDEX comentarios_commentperfil_38ef5d34 ON comentarios_commentperfil USING btree (muro_id);


--
-- Name: comentarios_commentperfil_3eae6d98; Type: INDEX; Schema: public; Owner: alejandro; Tablespace: 
--

CREATE INDEX comentarios_commentperfil_3eae6d98 ON comentarios_commentperfil USING btree (perfil_id);


--
-- Name: comentarios_respuestacommentbcompartida_3eae6d98; Type: INDEX; Schema: public; Owner: alejandro; Tablespace: 
--

CREATE INDEX comentarios_respuestacommentbcompartida_3eae6d98 ON comentarios_respuestacommentbcompartida USING btree (perfil_id);


--
-- Name: comentarios_respuestacommentbcompartida_db5751ef; Type: INDEX; Schema: public; Owner: alejandro; Tablespace: 
--

CREATE INDEX comentarios_respuestacommentbcompartida_db5751ef ON comentarios_respuestacommentbcompartida USING btree (comment_bcompartida_id);


--
-- Name: comentarios_respuestacommentgrupo_3eae6d98; Type: INDEX; Schema: public; Owner: alejandro; Tablespace: 
--

CREATE INDEX comentarios_respuestacommentgrupo_3eae6d98 ON comentarios_respuestacommentgrupo USING btree (perfil_id);


--
-- Name: comentarios_respuestacommentgrupo_92100292; Type: INDEX; Schema: public; Owner: alejandro; Tablespace: 
--

CREATE INDEX comentarios_respuestacommentgrupo_92100292 ON comentarios_respuestacommentgrupo USING btree (comment_grupo_id);


--
-- Name: comentarios_respuestacommentperfil_3eae6d98; Type: INDEX; Schema: public; Owner: alejandro; Tablespace: 
--

CREATE INDEX comentarios_respuestacommentperfil_3eae6d98 ON comentarios_respuestacommentperfil USING btree (perfil_id);


--
-- Name: comentarios_respuestacommentperfil_6937182f; Type: INDEX; Schema: public; Owner: alejandro; Tablespace: 
--

CREATE INDEX comentarios_respuestacommentperfil_6937182f ON comentarios_respuestacommentperfil USING btree (comment_perfil_id);


--
-- Name: django_admin_log_417f1b1c; Type: INDEX; Schema: public; Owner: alejandro; Tablespace: 
--

CREATE INDEX django_admin_log_417f1b1c ON django_admin_log USING btree (content_type_id);


--
-- Name: django_admin_log_e8701ad4; Type: INDEX; Schema: public; Owner: alejandro; Tablespace: 
--

CREATE INDEX django_admin_log_e8701ad4 ON django_admin_log USING btree (user_id);


--
-- Name: django_session_de54fa62; Type: INDEX; Schema: public; Owner: alejandro; Tablespace: 
--

CREATE INDEX django_session_de54fa62 ON django_session USING btree (expire_date);


--
-- Name: django_session_session_key_461cfeaa630ca218_like; Type: INDEX; Schema: public; Owner: alejandro; Tablespace: 
--

CREATE INDEX django_session_session_key_461cfeaa630ca218_like ON django_session USING btree (session_key varchar_pattern_ops);


--
-- Name: grupos_grupo_0201ed81; Type: INDEX; Schema: public; Owner: alejandro; Tablespace: 
--

CREATE INDEX grupos_grupo_0201ed81 ON grupos_grupo USING btree (ciudad_id);


--
-- Name: grupos_grupo_nombre_e6d2245aefdf8a8_like; Type: INDEX; Schema: public; Owner: alejandro; Tablespace: 
--

CREATE INDEX grupos_grupo_nombre_e6d2245aefdf8a8_like ON grupos_grupo USING btree (nombre varchar_pattern_ops);


--
-- Name: grupos_requestinvitacion_685b38a4; Type: INDEX; Schema: public; Owner: alejandro; Tablespace: 
--

CREATE INDEX grupos_requestinvitacion_685b38a4 ON grupos_requestinvitacion USING btree (usuario_invitado_id);


--
-- Name: grupos_requestinvitacion_acaeb2d6; Type: INDEX; Schema: public; Owner: alejandro; Tablespace: 
--

CREATE INDEX grupos_requestinvitacion_acaeb2d6 ON grupos_requestinvitacion USING btree (grupo_id);


--
-- Name: grupos_requestinvitacion_c2bf2a38; Type: INDEX; Schema: public; Owner: alejandro; Tablespace: 
--

CREATE INDEX grupos_requestinvitacion_c2bf2a38 ON grupos_requestinvitacion USING btree (aceptado_por_id);


--
-- Name: grupos_requestinvitacion_d753f6c4; Type: INDEX; Schema: public; Owner: alejandro; Tablespace: 
--

CREATE INDEX grupos_requestinvitacion_d753f6c4 ON grupos_requestinvitacion USING btree (invitado_por_id);


--
-- Name: grupos_usuariosgrupo_3eae6d98; Type: INDEX; Schema: public; Owner: alejandro; Tablespace: 
--

CREATE INDEX grupos_usuariosgrupo_3eae6d98 ON grupos_usuariosgrupo USING btree (perfil_id);


--
-- Name: grupos_usuariosgrupo_acaeb2d6; Type: INDEX; Schema: public; Owner: alejandro; Tablespace: 
--

CREATE INDEX grupos_usuariosgrupo_acaeb2d6 ON grupos_usuariosgrupo USING btree (grupo_id);


--
-- Name: libros_bibliotecacompartida_0201ed81; Type: INDEX; Schema: public; Owner: alejandro; Tablespace: 
--

CREATE INDEX libros_bibliotecacompartida_0201ed81 ON libros_bibliotecacompartida USING btree (ciudad_id);


--
-- Name: libros_bibliotecacompartida_2dbcba41; Type: INDEX; Schema: public; Owner: alejandro; Tablespace: 
--

CREATE INDEX libros_bibliotecacompartida_2dbcba41 ON libros_bibliotecacompartida USING btree (slug);


--
-- Name: libros_bibliotecacompartida_ea61d205; Type: INDEX; Schema: public; Owner: alejandro; Tablespace: 
--

CREATE INDEX libros_bibliotecacompartida_ea61d205 ON libros_bibliotecacompartida USING btree (perfil_admin_id);


--
-- Name: libros_bibliotecacompartida_nombre_6bf6a52182e9f50d_like; Type: INDEX; Schema: public; Owner: alejandro; Tablespace: 
--

CREATE INDEX libros_bibliotecacompartida_nombre_6bf6a52182e9f50d_like ON libros_bibliotecacompartida USING btree (nombre varchar_pattern_ops);


--
-- Name: libros_bibliotecacompartida_slug_404dbb3af21e6221_like; Type: INDEX; Schema: public; Owner: alejandro; Tablespace: 
--

CREATE INDEX libros_bibliotecacompartida_slug_404dbb3af21e6221_like ON libros_bibliotecacompartida USING btree (slug varchar_pattern_ops);


--
-- Name: libros_libro_2dbcba41; Type: INDEX; Schema: public; Owner: alejandro; Tablespace: 
--

CREATE INDEX libros_libro_2dbcba41 ON libros_libro USING btree (slug);


--
-- Name: libros_libro_slug_7438569c5b07793e_like; Type: INDEX; Schema: public; Owner: alejandro; Tablespace: 
--

CREATE INDEX libros_libro_slug_7438569c5b07793e_like ON libros_libro USING btree (slug varchar_pattern_ops);


--
-- Name: libros_librodisponiblegrupo_acaeb2d6; Type: INDEX; Schema: public; Owner: alejandro; Tablespace: 
--

CREATE INDEX libros_librodisponiblegrupo_acaeb2d6 ON libros_librodisponiblegrupo USING btree (grupo_id);


--
-- Name: libros_librodisponiblegrupo_bc462f9e; Type: INDEX; Schema: public; Owner: alejandro; Tablespace: 
--

CREATE INDEX libros_librodisponiblegrupo_bc462f9e ON libros_librodisponiblegrupo USING btree (libro_disponible_id);


--
-- Name: libros_librosbibliotecacompartida_cc6a36ac; Type: INDEX; Schema: public; Owner: alejandro; Tablespace: 
--

CREATE INDEX libros_librosbibliotecacompartida_cc6a36ac ON libros_librosbibliotecacompartida USING btree (libro_id);


--
-- Name: libros_librosbibliotecacompartida_d6ad84f1; Type: INDEX; Schema: public; Owner: alejandro; Tablespace: 
--

CREATE INDEX libros_librosbibliotecacompartida_d6ad84f1 ON libros_librosbibliotecacompartida USING btree (biblioteca_compartida_id);


--
-- Name: libros_librosdisponibles_0201ed81; Type: INDEX; Schema: public; Owner: alejandro; Tablespace: 
--

CREATE INDEX libros_librosdisponibles_0201ed81 ON libros_librosdisponibles USING btree (ciudad_id);


--
-- Name: libros_librosdisponibles_3eae6d98; Type: INDEX; Schema: public; Owner: alejandro; Tablespace: 
--

CREATE INDEX libros_librosdisponibles_3eae6d98 ON libros_librosdisponibles USING btree (perfil_id);


--
-- Name: libros_librosdisponibles_cc6a36ac; Type: INDEX; Schema: public; Owner: alejandro; Tablespace: 
--

CREATE INDEX libros_librosdisponibles_cc6a36ac ON libros_librosdisponibles USING btree (libro_id);


--
-- Name: libros_librosleidos_3eae6d98; Type: INDEX; Schema: public; Owner: alejandro; Tablespace: 
--

CREATE INDEX libros_librosleidos_3eae6d98 ON libros_librosleidos USING btree (perfil_id);


--
-- Name: libros_librosleidos_cc6a36ac; Type: INDEX; Schema: public; Owner: alejandro; Tablespace: 
--

CREATE INDEX libros_librosleidos_cc6a36ac ON libros_librosleidos USING btree (libro_id);


--
-- Name: libros_librosprestados_51d91d90; Type: INDEX; Schema: public; Owner: alejandro; Tablespace: 
--

CREATE INDEX libros_librosprestados_51d91d90 ON libros_librosprestados USING btree (perfil_receptor_id);


--
-- Name: libros_librosprestados_8cc50c5e; Type: INDEX; Schema: public; Owner: alejandro; Tablespace: 
--

CREATE INDEX libros_librosprestados_8cc50c5e ON libros_librosprestados USING btree (perfil_dueno_id);


--
-- Name: libros_librosprestados_cc6a36ac; Type: INDEX; Schema: public; Owner: alejandro; Tablespace: 
--

CREATE INDEX libros_librosprestados_cc6a36ac ON libros_librosprestados USING btree (libro_id);


--
-- Name: libros_librosprestadosbibliotecacompartida_05feb762; Type: INDEX; Schema: public; Owner: alejandro; Tablespace: 
--

CREATE INDEX libros_librosprestadosbibliotecacompartida_05feb762 ON libros_librosprestadosbibliotecacompartida USING btree (perfil_prestamo_id);


--
-- Name: libros_librosprestadosbibliotecacompartida_cc6a36ac; Type: INDEX; Schema: public; Owner: alejandro; Tablespace: 
--

CREATE INDEX libros_librosprestadosbibliotecacompartida_cc6a36ac ON libros_librosprestadosbibliotecacompartida USING btree (libro_id);


--
-- Name: libros_librosprestadosbibliotecacompartida_d6ad84f1; Type: INDEX; Schema: public; Owner: alejandro; Tablespace: 
--

CREATE INDEX libros_librosprestadosbibliotecacompartida_d6ad84f1 ON libros_librosprestadosbibliotecacompartida USING btree (biblioteca_compartida_id);


--
-- Name: libros_librosrequest_01e988e4; Type: INDEX; Schema: public; Owner: alejandro; Tablespace: 
--

CREATE INDEX libros_librosrequest_01e988e4 ON libros_librosrequest USING btree (perfil_recepcion_id);


--
-- Name: libros_librosrequest_5903c3cf; Type: INDEX; Schema: public; Owner: alejandro; Tablespace: 
--

CREATE INDEX libros_librosrequest_5903c3cf ON libros_librosrequest USING btree (perfil_envio_id);


--
-- Name: libros_librosrequest_acaeb2d6; Type: INDEX; Schema: public; Owner: alejandro; Tablespace: 
--

CREATE INDEX libros_librosrequest_acaeb2d6 ON libros_librosrequest USING btree (grupo_id);


--
-- Name: libros_librosrequest_cc6a36ac; Type: INDEX; Schema: public; Owner: alejandro; Tablespace: 
--

CREATE INDEX libros_librosrequest_cc6a36ac ON libros_librosrequest USING btree (libro_id);


--
-- Name: libros_librosrequestbibliotecacompartida_5903c3cf; Type: INDEX; Schema: public; Owner: alejandro; Tablespace: 
--

CREATE INDEX libros_librosrequestbibliotecacompartida_5903c3cf ON libros_librosrequestbibliotecacompartida USING btree (perfil_envio_id);


--
-- Name: libros_librosrequestbibliotecacompartida_bc462f9e; Type: INDEX; Schema: public; Owner: alejandro; Tablespace: 
--

CREATE INDEX libros_librosrequestbibliotecacompartida_bc462f9e ON libros_librosrequestbibliotecacompartida USING btree (libro_disponible_id);


--
-- Name: notificaciones_notificacion_05524d98; Type: INDEX; Schema: public; Owner: alejandro; Tablespace: 
--

CREATE INDEX notificaciones_notificacion_05524d98 ON notificaciones_notificacion USING btree (segundo_libro_id);


--
-- Name: notificaciones_notificacion_0f3abd9b; Type: INDEX; Schema: public; Owner: alejandro; Tablespace: 
--

CREATE INDEX notificaciones_notificacion_0f3abd9b ON notificaciones_notificacion USING btree (perfil_target_id);


--
-- Name: notificaciones_notificacion_acaeb2d6; Type: INDEX; Schema: public; Owner: alejandro; Tablespace: 
--

CREATE INDEX notificaciones_notificacion_acaeb2d6 ON notificaciones_notificacion USING btree (grupo_id);


--
-- Name: notificaciones_notificacion_afef3460; Type: INDEX; Schema: public; Owner: alejandro; Tablespace: 
--

CREATE INDEX notificaciones_notificacion_afef3460 ON notificaciones_notificacion USING btree (perfil_actor_id);


--
-- Name: notificaciones_notificacion_cc6a36ac; Type: INDEX; Schema: public; Owner: alejandro; Tablespace: 
--

CREATE INDEX notificaciones_notificacion_cc6a36ac ON notificaciones_notificacion USING btree (libro_id);


--
-- Name: notificaciones_notificacion_d6ad84f1; Type: INDEX; Schema: public; Owner: alejandro; Tablespace: 
--

CREATE INDEX notificaciones_notificacion_d6ad84f1 ON notificaciones_notificacion USING btree (biblioteca_compartida_id);


--
-- Name: perfiles_perfil_0201ed81; Type: INDEX; Schema: public; Owner: alejandro; Tablespace: 
--

CREATE INDEX perfiles_perfil_0201ed81 ON perfiles_perfil USING btree (ciudad_id);


--
-- Name: perfiles_perfil_1c2d32c3; Type: INDEX; Schema: public; Owner: alejandro; Tablespace: 
--

CREATE INDEX perfiles_perfil_1c2d32c3 ON perfiles_perfil USING btree (libros_recibidos_id);


--
-- Name: perfiles_perfil_5fd55c09; Type: INDEX; Schema: public; Owner: alejandro; Tablespace: 
--

CREATE INDEX perfiles_perfil_5fd55c09 ON perfiles_perfil USING btree (libros_propios_id);


--
-- Name: perfiles_usuarioleyendo_3eae6d98; Type: INDEX; Schema: public; Owner: alejandro; Tablespace: 
--

CREATE INDEX perfiles_usuarioleyendo_3eae6d98 ON perfiles_usuarioleyendo USING btree (perfil_id);


--
-- Name: perfiles_usuarioleyendo_cc6a36ac; Type: INDEX; Schema: public; Owner: alejandro; Tablespace: 
--

CREATE INDEX perfiles_usuarioleyendo_cc6a36ac ON perfiles_usuarioleyendo USING btree (libro_id);


--
-- Name: social_auth_code_c1336794; Type: INDEX; Schema: public; Owner: alejandro; Tablespace: 
--

CREATE INDEX social_auth_code_c1336794 ON social_auth_code USING btree (code);


--
-- Name: social_auth_code_code_32d820bdeaa954bc_like; Type: INDEX; Schema: public; Owner: alejandro; Tablespace: 
--

CREATE INDEX social_auth_code_code_32d820bdeaa954bc_like ON social_auth_code USING btree (code varchar_pattern_ops);


--
-- Name: social_auth_usersocialauth_e8701ad4; Type: INDEX; Schema: public; Owner: alejandro; Tablespace: 
--

CREATE INDEX social_auth_usersocialauth_e8701ad4 ON social_auth_usersocialauth USING btree (user_id);


--
-- Name: D449b12029fff397d4e8f77b5d762b1f; Type: FK CONSTRAINT; Schema: public; Owner: alejandro
--

ALTER TABLE ONLY notificaciones_notificacion
    ADD CONSTRAINT "D449b12029fff397d4e8f77b5d762b1f" FOREIGN KEY (biblioteca_compartida_id) REFERENCES libros_bibliotecacompartida(id) DEFERRABLE INITIALLY DEFERRED;


--
-- Name: D608864293d95114b6d819d774df2679; Type: FK CONSTRAINT; Schema: public; Owner: alejandro
--

ALTER TABLE ONLY comentarios_commentnotificacion
    ADD CONSTRAINT "D608864293d95114b6d819d774df2679" FOREIGN KEY (notificacion_id) REFERENCES notificaciones_notificacion(id) DEFERRABLE INITIALLY DEFERRED;


--
-- Name: D65d606b6bddd38a4122a075dc5f015f; Type: FK CONSTRAINT; Schema: public; Owner: alejandro
--

ALTER TABLE ONLY comentarios_commentbcompartida
    ADD CONSTRAINT "D65d606b6bddd38a4122a075dc5f015f" FOREIGN KEY (bcompartida_id) REFERENCES libros_bibliotecacompartida(id) DEFERRABLE INITIALLY DEFERRED;


--
-- Name: D68daf6d1102549d6ef5857a90a28734; Type: FK CONSTRAINT; Schema: public; Owner: alejandro
--

ALTER TABLE ONLY libros_librosbibliotecacompartida
    ADD CONSTRAINT "D68daf6d1102549d6ef5857a90a28734" FOREIGN KEY (biblioteca_compartida_id) REFERENCES libros_bibliotecacompartida(id) DEFERRABLE INITIALLY DEFERRED;


--
-- Name: D8cdb9904bf9f5e45a33c43aa14f6f90; Type: FK CONSTRAINT; Schema: public; Owner: alejandro
--

ALTER TABLE ONLY comentarios_respuestacommentgrupo
    ADD CONSTRAINT "D8cdb9904bf9f5e45a33c43aa14f6f90" FOREIGN KEY (comment_grupo_id) REFERENCES comentarios_commentgrupo(id) DEFERRABLE INITIALLY DEFERRED;


--
-- Name: auth_content_type_id_508cf46651277a81_fk_django_content_type_id; Type: FK CONSTRAINT; Schema: public; Owner: alejandro
--

ALTER TABLE ONLY auth_permission
    ADD CONSTRAINT auth_content_type_id_508cf46651277a81_fk_django_content_type_id FOREIGN KEY (content_type_id) REFERENCES django_content_type(id) DEFERRABLE INITIALLY DEFERRED;


--
-- Name: auth_group_permissio_group_id_689710a9a73b7457_fk_auth_group_id; Type: FK CONSTRAINT; Schema: public; Owner: alejandro
--

ALTER TABLE ONLY auth_group_permissions
    ADD CONSTRAINT auth_group_permissio_group_id_689710a9a73b7457_fk_auth_group_id FOREIGN KEY (group_id) REFERENCES auth_group(id) DEFERRABLE INITIALLY DEFERRED;


--
-- Name: auth_group_permission_id_1f49ccbbdc69d2fc_fk_auth_permission_id; Type: FK CONSTRAINT; Schema: public; Owner: alejandro
--

ALTER TABLE ONLY auth_group_permissions
    ADD CONSTRAINT auth_group_permission_id_1f49ccbbdc69d2fc_fk_auth_permission_id FOREIGN KEY (permission_id) REFERENCES auth_permission(id) DEFERRABLE INITIALLY DEFERRED;


--
-- Name: auth_user__permission_id_384b62483d7071f0_fk_auth_permission_id; Type: FK CONSTRAINT; Schema: public; Owner: alejandro
--

ALTER TABLE ONLY auth_user_user_permissions
    ADD CONSTRAINT auth_user__permission_id_384b62483d7071f0_fk_auth_permission_id FOREIGN KEY (permission_id) REFERENCES auth_permission(id) DEFERRABLE INITIALLY DEFERRED;


--
-- Name: auth_user_groups_group_id_33ac548dcf5f8e37_fk_auth_group_id; Type: FK CONSTRAINT; Schema: public; Owner: alejandro
--

ALTER TABLE ONLY auth_user_groups
    ADD CONSTRAINT auth_user_groups_group_id_33ac548dcf5f8e37_fk_auth_group_id FOREIGN KEY (group_id) REFERENCES auth_group(id) DEFERRABLE INITIALLY DEFERRED;


--
-- Name: auth_user_groups_user_id_4b5ed4ffdb8fd9b0_fk_auth_user_id; Type: FK CONSTRAINT; Schema: public; Owner: alejandro
--

ALTER TABLE ONLY auth_user_groups
    ADD CONSTRAINT auth_user_groups_user_id_4b5ed4ffdb8fd9b0_fk_auth_user_id FOREIGN KEY (user_id) REFERENCES auth_user(id) DEFERRABLE INITIALLY DEFERRED;


--
-- Name: auth_user_user_permiss_user_id_7f0938558328534a_fk_auth_user_id; Type: FK CONSTRAINT; Schema: public; Owner: alejandro
--

ALTER TABLE ONLY auth_user_user_permissions
    ADD CONSTRAINT auth_user_user_permiss_user_id_7f0938558328534a_fk_auth_user_id FOREIGN KEY (user_id) REFERENCES auth_user(id) DEFERRABLE INITIALLY DEFERRED;


--
-- Name: c3fd59f87e22c33203a239a2889ef2fe; Type: FK CONSTRAINT; Schema: public; Owner: alejandro
--

ALTER TABLE ONLY libros_librosrequestbibliotecacompartida
    ADD CONSTRAINT c3fd59f87e22c33203a239a2889ef2fe FOREIGN KEY (libro_disponible_id) REFERENCES libros_librosbibliotecacompartida(id) DEFERRABLE INITIALLY DEFERRED;


--
-- Name: c7b3bd59b84f63cdcb34f94e9b5bea7b; Type: FK CONSTRAINT; Schema: public; Owner: alejandro
--

ALTER TABLE ONLY comentarios_respuestacommentbcompartida
    ADD CONSTRAINT c7b3bd59b84f63cdcb34f94e9b5bea7b FOREIGN KEY (comment_bcompartida_id) REFERENCES comentarios_commentbcompartida(id) DEFERRABLE INITIALLY DEFERRED;


--
-- Name: cities_l_country_id_23e267b4010ad699_fk_cities_light_country_id; Type: FK CONSTRAINT; Schema: public; Owner: alejandro
--

ALTER TABLE ONLY cities_light_region
    ADD CONSTRAINT cities_l_country_id_23e267b4010ad699_fk_cities_light_country_id FOREIGN KEY (country_id) REFERENCES cities_light_country(id) DEFERRABLE INITIALLY DEFERRED;


--
-- Name: cities_li_country_id_3bb9e681459942c_fk_cities_light_country_id; Type: FK CONSTRAINT; Schema: public; Owner: alejandro
--

ALTER TABLE ONLY cities_light_city
    ADD CONSTRAINT cities_li_country_id_3bb9e681459942c_fk_cities_light_country_id FOREIGN KEY (country_id) REFERENCES cities_light_country(id) DEFERRABLE INITIALLY DEFERRED;


--
-- Name: cities_ligh_region_id_25a3149243687d7_fk_cities_light_region_id; Type: FK CONSTRAINT; Schema: public; Owner: alejandro
--

ALTER TABLE ONLY cities_light_city
    ADD CONSTRAINT cities_ligh_region_id_25a3149243687d7_fk_cities_light_region_id FOREIGN KEY (region_id) REFERENCES cities_light_region(id) DEFERRABLE INITIALLY DEFERRED;


--
-- Name: comentarios_co_perfil_id_13607481515e307a_fk_perfiles_perfil_id; Type: FK CONSTRAINT; Schema: public; Owner: alejandro
--

ALTER TABLE ONLY comentarios_commentbcompartida
    ADD CONSTRAINT comentarios_co_perfil_id_13607481515e307a_fk_perfiles_perfil_id FOREIGN KEY (perfil_id) REFERENCES perfiles_perfil(id) DEFERRABLE INITIALLY DEFERRED;


--
-- Name: comentarios_co_perfil_id_23099cb50ecbfcfd_fk_perfiles_perfil_id; Type: FK CONSTRAINT; Schema: public; Owner: alejandro
--

ALTER TABLE ONLY comentarios_commentnotificacion
    ADD CONSTRAINT comentarios_co_perfil_id_23099cb50ecbfcfd_fk_perfiles_perfil_id FOREIGN KEY (perfil_id) REFERENCES perfiles_perfil(id) DEFERRABLE INITIALLY DEFERRED;


--
-- Name: comentarios_co_perfil_id_6cb417b1e140f125_fk_perfiles_perfil_id; Type: FK CONSTRAINT; Schema: public; Owner: alejandro
--

ALTER TABLE ONLY comentarios_commentperfil
    ADD CONSTRAINT comentarios_co_perfil_id_6cb417b1e140f125_fk_perfiles_perfil_id FOREIGN KEY (perfil_id) REFERENCES perfiles_perfil(id) DEFERRABLE INITIALLY DEFERRED;


--
-- Name: comentarios_com_perfil_id_d48e8683d4f94e7_fk_perfiles_perfil_id; Type: FK CONSTRAINT; Schema: public; Owner: alejandro
--

ALTER TABLE ONLY comentarios_commentgrupo
    ADD CONSTRAINT comentarios_com_perfil_id_d48e8683d4f94e7_fk_perfiles_perfil_id FOREIGN KEY (perfil_id) REFERENCES perfiles_perfil(id) DEFERRABLE INITIALLY DEFERRED;


--
-- Name: comentarios_comm_muro_id_1f2bfdd4cb1314a6_fk_perfiles_perfil_id; Type: FK CONSTRAINT; Schema: public; Owner: alejandro
--

ALTER TABLE ONLY comentarios_commentperfil
    ADD CONSTRAINT comentarios_comm_muro_id_1f2bfdd4cb1314a6_fk_perfiles_perfil_id FOREIGN KEY (muro_id) REFERENCES perfiles_perfil(id) DEFERRABLE INITIALLY DEFERRED;


--
-- Name: comentarios_commen_grupo_id_326ec42ba891e5b7_fk_grupos_grupo_id; Type: FK CONSTRAINT; Schema: public; Owner: alejandro
--

ALTER TABLE ONLY comentarios_commentgrupo
    ADD CONSTRAINT comentarios_commen_grupo_id_326ec42ba891e5b7_fk_grupos_grupo_id FOREIGN KEY (grupo_id) REFERENCES grupos_grupo(id) DEFERRABLE INITIALLY DEFERRED;


--
-- Name: comentarios_re_perfil_id_3c8bfa437b4d8594_fk_perfiles_perfil_id; Type: FK CONSTRAINT; Schema: public; Owner: alejandro
--

ALTER TABLE ONLY comentarios_respuestacommentgrupo
    ADD CONSTRAINT comentarios_re_perfil_id_3c8bfa437b4d8594_fk_perfiles_perfil_id FOREIGN KEY (perfil_id) REFERENCES perfiles_perfil(id) DEFERRABLE INITIALLY DEFERRED;


--
-- Name: comentarios_re_perfil_id_44d08a8e9f401fc2_fk_perfiles_perfil_id; Type: FK CONSTRAINT; Schema: public; Owner: alejandro
--

ALTER TABLE ONLY comentarios_respuestacommentperfil
    ADD CONSTRAINT comentarios_re_perfil_id_44d08a8e9f401fc2_fk_perfiles_perfil_id FOREIGN KEY (perfil_id) REFERENCES perfiles_perfil(id) DEFERRABLE INITIALLY DEFERRED;


--
-- Name: comentarios_re_perfil_id_5e4fdea4f6e35bff_fk_perfiles_perfil_id; Type: FK CONSTRAINT; Schema: public; Owner: alejandro
--

ALTER TABLE ONLY comentarios_respuestacommentbcompartida
    ADD CONSTRAINT comentarios_re_perfil_id_5e4fdea4f6e35bff_fk_perfiles_perfil_id FOREIGN KEY (perfil_id) REFERENCES perfiles_perfil(id) DEFERRABLE INITIALLY DEFERRED;


--
-- Name: d4884c4163d7041e91a14cd6fcdc01e5; Type: FK CONSTRAINT; Schema: public; Owner: alejandro
--

ALTER TABLE ONLY comentarios_respuestacommentperfil
    ADD CONSTRAINT d4884c4163d7041e91a14cd6fcdc01e5 FOREIGN KEY (comment_perfil_id) REFERENCES comentarios_commentperfil(id) DEFERRABLE INITIALLY DEFERRED;


--
-- Name: d7c9b006c283be7b1ee0b832f2a6f2af; Type: FK CONSTRAINT; Schema: public; Owner: alejandro
--

ALTER TABLE ONLY libros_librodisponiblegrupo
    ADD CONSTRAINT d7c9b006c283be7b1ee0b832f2a6f2af FOREIGN KEY (libro_disponible_id) REFERENCES libros_librosdisponibles(id) DEFERRABLE INITIALLY DEFERRED;


--
-- Name: djan_content_type_id_697914295151027a_fk_django_content_type_id; Type: FK CONSTRAINT; Schema: public; Owner: alejandro
--

ALTER TABLE ONLY django_admin_log
    ADD CONSTRAINT djan_content_type_id_697914295151027a_fk_django_content_type_id FOREIGN KEY (content_type_id) REFERENCES django_content_type(id) DEFERRABLE INITIALLY DEFERRED;


--
-- Name: django_admin_log_user_id_52fdd58701c5f563_fk_auth_user_id; Type: FK CONSTRAINT; Schema: public; Owner: alejandro
--

ALTER TABLE ONLY django_admin_log
    ADD CONSTRAINT django_admin_log_user_id_52fdd58701c5f563_fk_auth_user_id FOREIGN KEY (user_id) REFERENCES auth_user(id) DEFERRABLE INITIALLY DEFERRED;


--
-- Name: ed4451a83dd8f7a74973136681c00c3c; Type: FK CONSTRAINT; Schema: public; Owner: alejandro
--

ALTER TABLE ONLY libros_librosprestadosbibliotecacompartida
    ADD CONSTRAINT ed4451a83dd8f7a74973136681c00c3c FOREIGN KEY (biblioteca_compartida_id) REFERENCES libros_bibliotecacompartida(id) DEFERRABLE INITIALLY DEFERRED;


--
-- Name: grup_usuario_invitado_id_5ea77f5a3fe09c19_fk_perfiles_perfil_id; Type: FK CONSTRAINT; Schema: public; Owner: alejandro
--

ALTER TABLE ONLY grupos_requestinvitacion
    ADD CONSTRAINT grup_usuario_invitado_id_5ea77f5a3fe09c19_fk_perfiles_perfil_id FOREIGN KEY (usuario_invitado_id) REFERENCES perfiles_perfil(id) DEFERRABLE INITIALLY DEFERRED;


--
-- Name: grupos_grupo_ciudad_id_12d0a106d335a00c_fk_cities_light_city_id; Type: FK CONSTRAINT; Schema: public; Owner: alejandro
--

ALTER TABLE ONLY grupos_grupo
    ADD CONSTRAINT grupos_grupo_ciudad_id_12d0a106d335a00c_fk_cities_light_city_id FOREIGN KEY (ciudad_id) REFERENCES cities_light_city(id) DEFERRABLE INITIALLY DEFERRED;


--
-- Name: grupos_r_aceptado_por_id_73a1c21bc9b70d8f_fk_perfiles_perfil_id; Type: FK CONSTRAINT; Schema: public; Owner: alejandro
--

ALTER TABLE ONLY grupos_requestinvitacion
    ADD CONSTRAINT grupos_r_aceptado_por_id_73a1c21bc9b70d8f_fk_perfiles_perfil_id FOREIGN KEY (aceptado_por_id) REFERENCES perfiles_perfil(id) DEFERRABLE INITIALLY DEFERRED;


--
-- Name: grupos_r_invitado_por_id_67868dfe0a548bc4_fk_perfiles_perfil_id; Type: FK CONSTRAINT; Schema: public; Owner: alejandro
--

ALTER TABLE ONLY grupos_requestinvitacion
    ADD CONSTRAINT grupos_r_invitado_por_id_67868dfe0a548bc4_fk_perfiles_perfil_id FOREIGN KEY (invitado_por_id) REFERENCES perfiles_perfil(id) DEFERRABLE INITIALLY DEFERRED;


--
-- Name: grupos_requestinvi_grupo_id_184a655f22793e64_fk_grupos_grupo_id; Type: FK CONSTRAINT; Schema: public; Owner: alejandro
--

ALTER TABLE ONLY grupos_requestinvitacion
    ADD CONSTRAINT grupos_requestinvi_grupo_id_184a655f22793e64_fk_grupos_grupo_id FOREIGN KEY (grupo_id) REFERENCES grupos_grupo(id) DEFERRABLE INITIALLY DEFERRED;


--
-- Name: grupos_usuario_perfil_id_376930a11324266f_fk_perfiles_perfil_id; Type: FK CONSTRAINT; Schema: public; Owner: alejandro
--

ALTER TABLE ONLY grupos_usuariosgrupo
    ADD CONSTRAINT grupos_usuario_perfil_id_376930a11324266f_fk_perfiles_perfil_id FOREIGN KEY (perfil_id) REFERENCES perfiles_perfil(id) DEFERRABLE INITIALLY DEFERRED;


--
-- Name: grupos_usuariosgru_grupo_id_1fe46f79d67ca721_fk_grupos_grupo_id; Type: FK CONSTRAINT; Schema: public; Owner: alejandro
--

ALTER TABLE ONLY grupos_usuariosgrupo
    ADD CONSTRAINT grupos_usuariosgru_grupo_id_1fe46f79d67ca721_fk_grupos_grupo_id FOREIGN KEY (grupo_id) REFERENCES grupos_grupo(id) DEFERRABLE INITIALLY DEFERRED;


--
-- Name: libr_perfil_recepcion_id_781dce98b0141925_fk_perfiles_perfil_id; Type: FK CONSTRAINT; Schema: public; Owner: alejandro
--

ALTER TABLE ONLY libros_librosrequest
    ADD CONSTRAINT libr_perfil_recepcion_id_781dce98b0141925_fk_perfiles_perfil_id FOREIGN KEY (perfil_recepcion_id) REFERENCES perfiles_perfil(id) DEFERRABLE INITIALLY DEFERRED;


--
-- Name: libro_perfil_prestamo_id_42ae8653984fd615_fk_perfiles_perfil_id; Type: FK CONSTRAINT; Schema: public; Owner: alejandro
--

ALTER TABLE ONLY libros_librosprestadosbibliotecacompartida
    ADD CONSTRAINT libro_perfil_prestamo_id_42ae8653984fd615_fk_perfiles_perfil_id FOREIGN KEY (perfil_prestamo_id) REFERENCES perfiles_perfil(id) DEFERRABLE INITIALLY DEFERRED;


--
-- Name: libro_perfil_receptor_id_3e8abbff24f4d262_fk_perfiles_perfil_id; Type: FK CONSTRAINT; Schema: public; Owner: alejandro
--

ALTER TABLE ONLY libros_librosprestados
    ADD CONSTRAINT libro_perfil_receptor_id_3e8abbff24f4d262_fk_perfiles_perfil_id FOREIGN KEY (perfil_receptor_id) REFERENCES perfiles_perfil(id) DEFERRABLE INITIALLY DEFERRED;


--
-- Name: libros_b_perfil_admin_id_7170befb568628cd_fk_perfiles_perfil_id; Type: FK CONSTRAINT; Schema: public; Owner: alejandro
--

ALTER TABLE ONLY libros_bibliotecacompartida
    ADD CONSTRAINT libros_b_perfil_admin_id_7170befb568628cd_fk_perfiles_perfil_id FOREIGN KEY (perfil_admin_id) REFERENCES perfiles_perfil(id) DEFERRABLE INITIALLY DEFERRED;


--
-- Name: libros_bibli_ciudad_id_285256c434ee150f_fk_cities_light_city_id; Type: FK CONSTRAINT; Schema: public; Owner: alejandro
--

ALTER TABLE ONLY libros_bibliotecacompartida
    ADD CONSTRAINT libros_bibli_ciudad_id_285256c434ee150f_fk_cities_light_city_id FOREIGN KEY (ciudad_id) REFERENCES cities_light_city(id) DEFERRABLE INITIALLY DEFERRED;


--
-- Name: libros_l_perfil_dueno_id_7b13c33274e75110_fk_perfiles_perfil_id; Type: FK CONSTRAINT; Schema: public; Owner: alejandro
--

ALTER TABLE ONLY libros_librosprestados
    ADD CONSTRAINT libros_l_perfil_dueno_id_7b13c33274e75110_fk_perfiles_perfil_id FOREIGN KEY (perfil_dueno_id) REFERENCES perfiles_perfil(id) DEFERRABLE INITIALLY DEFERRED;


--
-- Name: libros_l_perfil_envio_id_27384c0e0e5b6dc4_fk_perfiles_perfil_id; Type: FK CONSTRAINT; Schema: public; Owner: alejandro
--

ALTER TABLE ONLY libros_librosrequest
    ADD CONSTRAINT libros_l_perfil_envio_id_27384c0e0e5b6dc4_fk_perfiles_perfil_id FOREIGN KEY (perfil_envio_id) REFERENCES perfiles_perfil(id) DEFERRABLE INITIALLY DEFERRED;


--
-- Name: libros_l_perfil_envio_id_326ec12d2f6c2110_fk_perfiles_perfil_id; Type: FK CONSTRAINT; Schema: public; Owner: alejandro
--

ALTER TABLE ONLY libros_librosrequestbibliotecacompartida
    ADD CONSTRAINT libros_l_perfil_envio_id_326ec12d2f6c2110_fk_perfiles_perfil_id FOREIGN KEY (perfil_envio_id) REFERENCES perfiles_perfil(id) DEFERRABLE INITIALLY DEFERRED;


--
-- Name: libros_libro_ciudad_id_1e81f029861e6203_fk_cities_light_city_id; Type: FK CONSTRAINT; Schema: public; Owner: alejandro
--

ALTER TABLE ONLY libros_librosdisponibles
    ADD CONSTRAINT libros_libro_ciudad_id_1e81f029861e6203_fk_cities_light_city_id FOREIGN KEY (ciudad_id) REFERENCES cities_light_city(id) DEFERRABLE INITIALLY DEFERRED;


--
-- Name: libros_librodispon_grupo_id_31b26d0dea9cd111_fk_grupos_grupo_id; Type: FK CONSTRAINT; Schema: public; Owner: alejandro
--

ALTER TABLE ONLY libros_librodisponiblegrupo
    ADD CONSTRAINT libros_librodispon_grupo_id_31b26d0dea9cd111_fk_grupos_grupo_id FOREIGN KEY (grupo_id) REFERENCES grupos_grupo(id) DEFERRABLE INITIALLY DEFERRED;


--
-- Name: libros_librosbibli_libro_id_285107f9267c0eef_fk_libros_libro_id; Type: FK CONSTRAINT; Schema: public; Owner: alejandro
--

ALTER TABLE ONLY libros_librosbibliotecacompartida
    ADD CONSTRAINT libros_librosbibli_libro_id_285107f9267c0eef_fk_libros_libro_id FOREIGN KEY (libro_id) REFERENCES libros_libro(id) DEFERRABLE INITIALLY DEFERRED;


--
-- Name: libros_librosd_perfil_id_375ddde19ca45cb9_fk_perfiles_perfil_id; Type: FK CONSTRAINT; Schema: public; Owner: alejandro
--

ALTER TABLE ONLY libros_librosdisponibles
    ADD CONSTRAINT libros_librosd_perfil_id_375ddde19ca45cb9_fk_perfiles_perfil_id FOREIGN KEY (perfil_id) REFERENCES perfiles_perfil(id) DEFERRABLE INITIALLY DEFERRED;


--
-- Name: libros_librosdispo_libro_id_3a0314c7a97d9552_fk_libros_libro_id; Type: FK CONSTRAINT; Schema: public; Owner: alejandro
--

ALTER TABLE ONLY libros_librosdisponibles
    ADD CONSTRAINT libros_librosdispo_libro_id_3a0314c7a97d9552_fk_libros_libro_id FOREIGN KEY (libro_id) REFERENCES libros_libro(id) DEFERRABLE INITIALLY DEFERRED;


--
-- Name: libros_librosle_perfil_id_e4a0ee66f6a5be8_fk_perfiles_perfil_id; Type: FK CONSTRAINT; Schema: public; Owner: alejandro
--

ALTER TABLE ONLY libros_librosleidos
    ADD CONSTRAINT libros_librosle_perfil_id_e4a0ee66f6a5be8_fk_perfiles_perfil_id FOREIGN KEY (perfil_id) REFERENCES perfiles_perfil(id) DEFERRABLE INITIALLY DEFERRED;


--
-- Name: libros_librosleido_libro_id_638687c31a5678db_fk_libros_libro_id; Type: FK CONSTRAINT; Schema: public; Owner: alejandro
--

ALTER TABLE ONLY libros_librosleidos
    ADD CONSTRAINT libros_librosleido_libro_id_638687c31a5678db_fk_libros_libro_id FOREIGN KEY (libro_id) REFERENCES libros_libro(id) DEFERRABLE INITIALLY DEFERRED;


--
-- Name: libros_librosprest_libro_id_72e4563b04f94a61_fk_libros_libro_id; Type: FK CONSTRAINT; Schema: public; Owner: alejandro
--

ALTER TABLE ONLY libros_librosprestadosbibliotecacompartida
    ADD CONSTRAINT libros_librosprest_libro_id_72e4563b04f94a61_fk_libros_libro_id FOREIGN KEY (libro_id) REFERENCES libros_libro(id) DEFERRABLE INITIALLY DEFERRED;


--
-- Name: libros_librosprest_libro_id_7a1e1f8dfe57701d_fk_libros_libro_id; Type: FK CONSTRAINT; Schema: public; Owner: alejandro
--

ALTER TABLE ONLY libros_librosprestados
    ADD CONSTRAINT libros_librosprest_libro_id_7a1e1f8dfe57701d_fk_libros_libro_id FOREIGN KEY (libro_id) REFERENCES libros_libro(id) DEFERRABLE INITIALLY DEFERRED;


--
-- Name: libros_librosreque_grupo_id_5c614ceea985bed8_fk_grupos_grupo_id; Type: FK CONSTRAINT; Schema: public; Owner: alejandro
--

ALTER TABLE ONLY libros_librosrequest
    ADD CONSTRAINT libros_librosreque_grupo_id_5c614ceea985bed8_fk_grupos_grupo_id FOREIGN KEY (grupo_id) REFERENCES grupos_grupo(id) DEFERRABLE INITIALLY DEFERRED;


--
-- Name: libros_librosreque_libro_id_2c2e15a00eaa3e03_fk_libros_libro_id; Type: FK CONSTRAINT; Schema: public; Owner: alejandro
--

ALTER TABLE ONLY libros_librosrequest
    ADD CONSTRAINT libros_librosreque_libro_id_2c2e15a00eaa3e03_fk_libros_libro_id FOREIGN KEY (libro_id) REFERENCES libros_libro(id) DEFERRABLE INITIALLY DEFERRED;


--
-- Name: notific_perfil_target_id_7090fcc9d48ff887_fk_perfiles_perfil_id; Type: FK CONSTRAINT; Schema: public; Owner: alejandro
--

ALTER TABLE ONLY notificaciones_notificacion
    ADD CONSTRAINT notific_perfil_target_id_7090fcc9d48ff887_fk_perfiles_perfil_id FOREIGN KEY (perfil_target_id) REFERENCES perfiles_perfil(id) DEFERRABLE INITIALLY DEFERRED;


--
-- Name: notifica_perfil_actor_id_7c79d5d264f3852a_fk_perfiles_perfil_id; Type: FK CONSTRAINT; Schema: public; Owner: alejandro
--

ALTER TABLE ONLY notificaciones_notificacion
    ADD CONSTRAINT notifica_perfil_actor_id_7c79d5d264f3852a_fk_perfiles_perfil_id FOREIGN KEY (perfil_actor_id) REFERENCES perfiles_perfil(id) DEFERRABLE INITIALLY DEFERRED;


--
-- Name: notificaci_segundo_libro_id_4e54bf6d0562c795_fk_libros_libro_id; Type: FK CONSTRAINT; Schema: public; Owner: alejandro
--

ALTER TABLE ONLY notificaciones_notificacion
    ADD CONSTRAINT notificaci_segundo_libro_id_4e54bf6d0562c795_fk_libros_libro_id FOREIGN KEY (segundo_libro_id) REFERENCES libros_libro(id) DEFERRABLE INITIALLY DEFERRED;


--
-- Name: notificaciones_not_libro_id_75016608a7a4c041_fk_libros_libro_id; Type: FK CONSTRAINT; Schema: public; Owner: alejandro
--

ALTER TABLE ONLY notificaciones_notificacion
    ADD CONSTRAINT notificaciones_not_libro_id_75016608a7a4c041_fk_libros_libro_id FOREIGN KEY (libro_id) REFERENCES libros_libro(id) DEFERRABLE INITIALLY DEFERRED;


--
-- Name: notificaciones_noti_grupo_id_e4b1ef086d99e5c_fk_grupos_grupo_id; Type: FK CONSTRAINT; Schema: public; Owner: alejandro
--

ALTER TABLE ONLY notificaciones_notificacion
    ADD CONSTRAINT notificaciones_noti_grupo_id_e4b1ef086d99e5c_fk_grupos_grupo_id FOREIGN KEY (grupo_id) REFERENCES grupos_grupo(id) DEFERRABLE INITIALLY DEFERRED;


--
-- Name: perfile_libros_recibidos_id_215ebe854f0349ae_fk_libros_libro_id; Type: FK CONSTRAINT; Schema: public; Owner: alejandro
--

ALTER TABLE ONLY perfiles_perfil
    ADD CONSTRAINT perfile_libros_recibidos_id_215ebe854f0349ae_fk_libros_libro_id FOREIGN KEY (libros_recibidos_id) REFERENCES libros_libro(id) DEFERRABLE INITIALLY DEFERRED;


--
-- Name: perfiles__libros_propios_id_7ceeb982109a4f6c_fk_libros_libro_id; Type: FK CONSTRAINT; Schema: public; Owner: alejandro
--

ALTER TABLE ONLY perfiles_perfil
    ADD CONSTRAINT perfiles__libros_propios_id_7ceeb982109a4f6c_fk_libros_libro_id FOREIGN KEY (libros_propios_id) REFERENCES libros_libro(id) DEFERRABLE INITIALLY DEFERRED;


--
-- Name: perfiles_per_ciudad_id_1096a0f0918537e8_fk_cities_light_city_id; Type: FK CONSTRAINT; Schema: public; Owner: alejandro
--

ALTER TABLE ONLY perfiles_perfil
    ADD CONSTRAINT perfiles_per_ciudad_id_1096a0f0918537e8_fk_cities_light_city_id FOREIGN KEY (ciudad_id) REFERENCES cities_light_city(id) DEFERRABLE INITIALLY DEFERRED;


--
-- Name: perfiles_perfil_usuario_id_6927b4880fd898bf_fk_auth_user_id; Type: FK CONSTRAINT; Schema: public; Owner: alejandro
--

ALTER TABLE ONLY perfiles_perfil
    ADD CONSTRAINT perfiles_perfil_usuario_id_6927b4880fd898bf_fk_auth_user_id FOREIGN KEY (usuario_id) REFERENCES auth_user(id) DEFERRABLE INITIALLY DEFERRED;


--
-- Name: perfiles_usuar_perfil_id_2e104967f4e554e8_fk_perfiles_perfil_id; Type: FK CONSTRAINT; Schema: public; Owner: alejandro
--

ALTER TABLE ONLY perfiles_usuarioleyendo
    ADD CONSTRAINT perfiles_usuar_perfil_id_2e104967f4e554e8_fk_perfiles_perfil_id FOREIGN KEY (perfil_id) REFERENCES perfiles_perfil(id) DEFERRABLE INITIALLY DEFERRED;


--
-- Name: perfiles_usuariole_libro_id_2411c33951a64a55_fk_libros_libro_id; Type: FK CONSTRAINT; Schema: public; Owner: alejandro
--

ALTER TABLE ONLY perfiles_usuarioleyendo
    ADD CONSTRAINT perfiles_usuariole_libro_id_2411c33951a64a55_fk_libros_libro_id FOREIGN KEY (libro_id) REFERENCES libros_libro(id) DEFERRABLE INITIALLY DEFERRED;


--
-- Name: social_auth_usersocial_user_id_193b2d80880502b2_fk_auth_user_id; Type: FK CONSTRAINT; Schema: public; Owner: alejandro
--

ALTER TABLE ONLY social_auth_usersocialauth
    ADD CONSTRAINT social_auth_usersocial_user_id_193b2d80880502b2_fk_auth_user_id FOREIGN KEY (user_id) REFERENCES auth_user(id) DEFERRABLE INITIALLY DEFERRED;


--
-- Name: public; Type: ACL; Schema: -; Owner: postgres
--

REVOKE ALL ON SCHEMA public FROM PUBLIC;
REVOKE ALL ON SCHEMA public FROM postgres;
GRANT ALL ON SCHEMA public TO postgres;
GRANT ALL ON SCHEMA public TO PUBLIC;


--
-- PostgreSQL database dump complete
--

